Rake_ID,Sector,Port_Origin,Plant_Destination,Commodity_Type,Total_Wagons,Indent_Date,Allocation_Date,Placement_Timestamp,Release_Timestamp,Allowed_Free_Time_Hours,Actual_Turnaround_Time_Hours
RAKE-20250001,Steel,Port B,Plant A1,Iron Ore,46,2025-12-13 12:42:16,2025-12-14 17:12:36,2025-12-15 06:27:58,2025-12-15 11:59:46,10.0,5.53
RAKE-20250002,Mining,Port B,Plant C3,Bauxite,49,2026-03-18 13:57:47,2026-03-19 17:45:10,2026-03-20 13:27:28,2026-03-21 09:22:04,15.0,19.91
RAKE-20250003,Power,Port A,Plant B1,Coal,57,2025-12-24 09:19:53,2025-12-27 15:03:28,2025-12-28 12:03:22,2025-12-28 18:02:46,10.0,5.99
RAKE-20250004,Power,Port B,Plant B3,Coal,53,2025-11-11 17:58:00,2025-11-13 23:45:46,2025-11-14 18:53:29,2025-11-15 01:06:41,10.0,6.22
RAKE-20250005,Steel,Port B,Plant A1,Coal,50,2025-11-02 08:31:20,2025-11-04 12:38:18,2025-11-05 05:26:31,2025-11-05 11:16:19,10.0,5.83
RAKE-20250006,Steel,Port B,Plant A1,Limestone,59,2025-12-15 22:15:30,2025-12-19 00:57:00,2025-12-19 23:35:03,2025-12-21 08:32:03,15.0,32.95
RAKE-20250007,Steel,Port C,Plant A3,Iron Ore,48,2025-09-08 12:36:51,2025-09-09 16:46:25,2025-09-10 15:19:51,2025-09-11 10:01:51,10.0,18.7
RAKE-20250008,Mining,Port B,Plant C3,Iron Ore,53,2025-09-10 01:31:00,2025-09-11 09:56:26,2025-09-12 00:48:34,2025-09-12 06:18:34,10.0,5.5
RAKE-20250009,Power,Port C,Plant B1,Coal,48,2026-04-13 02:29:38,2026-04-14 13:46:26,2026-04-15 05:24:52,2026-04-15 13:38:04,10.0,8.22
RAKE-20250010,Power,Port C,Plant B3,Coal,49,2026-01-20 19:19:28,2026-01-23 06:56:30,2026-01-24 00:04:48,2026-01-24 08:21:00,10.0,8.27
RAKE-20250011,Steel,Port D,Plant A2,Limestone,50,2025-12-23 09:15:06,2025-12-25 14:42:37,2025-12-26 05:56:25,2025-12-26 12:46:13,15.0,6.83
RAKE-20250012,Mining,Port C,Plant C3,Iron Ore,52,2026-06-03 14:34:02,2026-06-07 02:05:11,2026-06-07 18:36:24,2026-06-08 03:17:12,10.0,8.68
RAKE-20250013,Mining,Port D,Plant C3,Bauxite,53,2025-10-01 05:47:12,2025-10-04 16:25:02,2025-10-05 08:02:48,2025-10-05 15:57:24,15.0,7.91
RAKE-20250014,Steel,Port A,Plant A1,Limestone,55,2025-10-06 22:05:34,2025-10-09 02:44:26,2025-10-09 20:44:51,2025-10-10 04:42:27,15.0,7.96
RAKE-20250015,Steel,Port A,Plant A3,Coal,59,2026-07-08 05:48:35,2026-07-10 07:44:11,2026-07-11 03:55:42,2026-07-11 10:40:42,10.0,6.75
RAKE-20250016,Steel,Port A,Plant A3,Coal,55,2026-07-07 04:31:28,2026-07-08 12:06:02,2026-07-09 01:05:03,2026-07-09 10:21:51,10.0,9.28
RAKE-20250017,Steel,Port C,Plant A2,Limestone,55,2026-08-12 14:50:49,2026-08-15 20:03:51,2026-08-16 10:05:01,2026-08-17 07:39:13,15.0,21.57
RAKE-20250018,Power,Port D,Plant B3,Coal,54,2026-03-04 13:55:15,2026-03-07 23:38:41,2026-03-08 23:25:10,2026-03-09 05:40:46,10.0,6.26
RAKE-20250019,Steel,Port A,Plant A3,Limestone,58,2026-07-30 03:00:14,2026-08-02 10:44:10,2026-08-03 02:24:42,2026-08-03 12:07:54,15.0,9.72
RAKE-20250020,Steel,Port D,Plant A2,Limestone,59,2025-12-07 15:21:15,2025-12-11 01:51:09,2025-12-11 15:26:23,2025-12-13 02:31:11,15.0,35.08
RAKE-20250021,Power,Port A,Plant B1,Coal,58,2025-12-02 12:51:20,2025-12-03 19:34:54,2025-12-04 12:52:10,2025-12-04 19:15:34,10.0,6.39
RAKE-20250022,Steel,Port D,Plant A1,Limestone,59,2026-01-22 06:51:56,2026-01-23 15:09:37,2026-01-24 10:18:17,2026-01-24 19:32:41,15.0,9.24
RAKE-20250023,Steel,Port B,Plant A1,Iron Ore,57,2026-04-22 22:48:40,2026-04-24 02:51:24,2026-04-24 15:24:34,2026-04-25 05:46:46,10.0,14.37
RAKE-20250024,Steel,Port A,Plant A1,Limestone,46,2025-12-03 11:00:36,2025-12-06 12:36:44,2025-12-07 03:03:47,2025-12-07 11:21:47,15.0,8.3
RAKE-20250025,Power,Port B,Plant B1,Coal,54,2026-07-02 12:11:27,2026-07-05 21:28:19,2026-07-06 18:15:59,2026-07-06 23:45:59,10.0,5.5
RAKE-20250026,Power,Port A,Plant B1,Coal,46,2025-12-21 00:07:20,2025-12-24 05:14:43,2025-12-25 00:42:04,2025-12-25 07:07:52,10.0,6.43
RAKE-20250027,Steel,Port A,Plant A2,Iron Ore,51,2025-09-20 13:27:46,2025-09-21 18:46:22,2025-09-22 16:24:05,2025-09-23 22:18:41,10.0,29.91
RAKE-20250028,Power,Port B,Plant B1,Coal,45,2026-07-08 22:48:34,2026-07-12 00:09:30,2026-07-12 18:34:41,2026-07-13 02:46:41,10.0,8.2
RAKE-20250029,Power,Port D,Plant B3,Coal,51,2025-11-30 00:19:45,2025-12-02 05:42:51,2025-12-03 04:04:09,2025-12-03 13:31:09,10.0,9.45
RAKE-20250030,Steel,Port B,Plant A1,Iron Ore,54,2025-11-25 07:06:43,2025-11-28 08:07:07,2025-11-28 23:48:45,2025-11-29 05:20:33,10.0,5.53
RAKE-20250031,Power,Port B,Plant B1,Coal,45,2026-03-20 06:38:58,2026-03-23 11:38:44,2026-03-24 04:54:33,2026-03-24 10:40:45,10.0,5.77
RAKE-20250032,Steel,Port C,Plant A3,Coal,57,2026-01-01 20:03:14,2026-01-04 00:19:57,2026-01-04 16:10:39,2026-01-04 23:49:39,10.0,7.65
RAKE-20250033,Steel,Port C,Plant A1,Limestone,58,2025-12-27 11:33:18,2025-12-29 14:38:47,2025-12-30 12:30:05,2025-12-31 23:21:41,15.0,34.86
RAKE-20250034,Mining,Port A,Plant C1,Iron Ore,49,2025-10-21 11:06:02,2025-10-23 12:14:46,2025-10-24 06:23:15,2025-10-24 13:47:51,10.0,7.41
RAKE-20250035,Mining,Port B,Plant C1,Iron Ore,54,2026-08-20 15:59:41,2026-08-24 02:39:26,2026-08-25 02:05:15,2026-08-25 07:38:51,10.0,5.56
RAKE-20250036,Mining,Port A,Plant C2,Iron Ore,51,2026-02-09 18:54:10,2026-02-12 04:02:13,2026-02-12 23:47:00,2026-02-13 08:05:00,10.0,8.3
RAKE-20250037,Steel,Port A,Plant A2,Limestone,49,2025-11-07 20:34:34,2025-11-09 08:05:18,2025-11-10 07:31:55,2025-11-10 20:10:19,15.0,12.64
RAKE-20250038,Steel,Port C,Plant A2,Iron Ore,59,2026-05-13 15:02:48,2026-05-15 17:14:32,2026-05-16 17:01:02,2026-05-17 15:02:50,10.0,22.03
RAKE-20250039,Power,Port A,Plant B3,Coal,58,2026-04-17 09:45:02,2026-04-18 20:50:40,2026-04-19 19:29:39,2026-04-20 04:03:51,10.0,8.57
RAKE-20250040,Steel,Port B,Plant A3,Coal,55,2026-04-18 04:09:45,2026-04-21 14:14:07,2026-04-22 10:30:04,2026-04-22 17:20:28,10.0,6.84
RAKE-20250041,Steel,Port C,Plant A1,Coal,56,2025-12-18 13:53:58,2025-12-19 20:41:11,2025-12-20 17:47:53,2025-12-21 00:05:17,10.0,6.29
RAKE-20250042,Power,Port A,Plant B1,Coal,58,2026-03-06 14:55:01,2026-03-07 23:26:23,2026-03-08 11:44:38,2026-03-09 06:28:26,10.0,18.73
RAKE-20250043,Steel,Port C,Plant A3,Coal,45,2025-10-02 12:56:40,2025-10-04 17:13:20,2025-10-05 06:17:58,2025-10-05 14:41:58,10.0,8.4
RAKE-20250044,Mining,Port A,Plant C1,Bauxite,46,2026-01-02 12:41:34,2026-01-05 00:19:01,2026-01-05 14:47:11,2026-01-05 22:29:47,15.0,7.71
RAKE-20250045,Steel,Port D,Plant A3,Iron Ore,49,2026-07-14 06:42:26,2026-07-15 14:18:02,2026-07-16 04:42:56,2026-07-16 22:02:08,10.0,17.32
RAKE-20250046,Power,Port B,Plant B2,Coal,45,2026-03-30 11:32:26,2026-03-31 15:59:42,2026-04-01 09:59:07,2026-04-02 01:02:43,10.0,15.06
RAKE-20250047,Steel,Port D,Plant A1,Limestone,47,2025-12-04 19:53:13,2025-12-05 22:58:50,2025-12-06 21:59:14,2025-12-07 07:52:38,15.0,9.89
RAKE-20250048,Power,Port C,Plant B3,Coal,45,2026-05-20 19:16:31,2026-05-23 00:16:16,2026-05-23 21:47:54,2026-05-24 05:01:06,10.0,7.22
RAKE-20250049,Power,Port A,Plant B1,Coal,50,2026-07-02 14:13:43,2026-07-03 15:26:56,2026-07-04 04:11:56,2026-07-04 12:40:08,10.0,8.47
RAKE-20250050,Steel,Port C,Plant A2,Iron Ore,51,2026-05-29 07:06:10,2026-05-31 14:39:49,2026-06-01 08:28:47,2026-06-01 16:31:11,10.0,8.04
RAKE-20250051,Mining,Port D,Plant C1,Bauxite,48,2026-08-11 23:28:06,2026-08-14 03:45:53,2026-08-15 03:18:35,2026-08-15 17:31:11,15.0,14.21
RAKE-20250052,Power,Port C,Plant B1,Coal,57,2026-03-04 08:38:55,2026-03-06 09:53:30,2026-03-07 02:11:14,2026-03-07 10:24:26,10.0,8.22
RAKE-20250053,Mining,Port D,Plant C1,Bauxite,45,2026-05-21 16:43:54,2026-05-24 03:08:34,2026-05-24 20:09:44,2026-05-25 06:37:20,15.0,10.46
RAKE-20250054,Mining,Port D,Plant C3,Iron Ore,56,2025-10-14 06:59:32,2025-10-17 14:44:52,2025-10-18 06:39:27,2025-10-18 12:25:39,10.0,5.77
RAKE-20250055,Power,Port A,Plant B3,Coal,47,2026-06-08 11:01:55,2026-06-11 15:02:50,2026-06-12 12:58:46,2026-06-12 21:57:34,10.0,8.98
RAKE-20250056,Mining,Port A,Plant C1,Bauxite,49,2025-11-16 06:26:19,2025-11-17 16:38:25,2025-11-18 13:05:33,2025-11-19 14:26:33,15.0,25.35
RAKE-20250057,Steel,Port C,Plant A2,Iron Ore,47,2025-11-09 12:32:02,2025-11-11 14:06:54,2025-11-12 10:49:41,2025-11-12 17:23:17,10.0,6.56
RAKE-20250058,Steel,Port B,Plant A1,Limestone,58,2025-11-03 12:43:37,2025-11-04 20:30:58,2025-11-05 20:09:14,2025-11-06 05:59:38,15.0,9.84
RAKE-20250059,Steel,Port D,Plant A1,Limestone,46,2025-12-28 16:27:23,2025-12-30 00:05:01,2025-12-30 17:57:40,2025-12-31 05:57:04,15.0,11.99
RAKE-20250060,Steel,Port D,Plant A2,Limestone,56,2025-11-06 23:04:01,2025-11-08 07:18:30,2025-11-09 00:33:39,2025-11-09 22:02:27,15.0,21.48
RAKE-20250061,Steel,Port B,Plant A1,Coal,49,2026-01-18 21:30:33,2026-01-21 06:37:04,2026-01-21 19:03:30,2026-01-22 00:50:18,10.0,5.78
RAKE-20250062,Steel,Port A,Plant A2,Coal,51,2025-09-24 00:42:18,2025-09-25 07:24:11,2025-09-26 02:46:24,2025-09-26 08:28:24,10.0,5.7
RAKE-20250063,Mining,Port C,Plant C2,Bauxite,52,2026-02-13 06:21:22,2026-02-15 09:30:02,2026-02-16 03:33:34,2026-02-16 16:06:34,15.0,12.55
RAKE-20250064,Steel,Port A,Plant A2,Coal,54,2026-02-01 08:24:16,2026-02-04 09:54:04,2026-02-05 03:09:22,2026-02-05 11:49:34,10.0,8.67
RAKE-20250065,Steel,Port D,Plant A1,Coal,46,2026-07-08 05:15:55,2026-07-10 09:55:19,2026-07-11 01:42:30,2026-07-11 08:46:42,10.0,7.07
RAKE-20250066,Power,Port B,Plant B1,Coal,58,2026-08-15 18:55:17,2026-08-17 02:31:49,2026-08-17 22:56:26,2026-08-18 04:50:26,10.0,5.9
RAKE-20250067,Steel,Port C,Plant A2,Limestone,46,2025-12-11 19:05:22,2025-12-13 20:42:28,2025-12-14 14:32:08,2025-12-15 00:22:32,15.0,9.84
RAKE-20250068,Mining,Port A,Plant C1,Iron Ore,49,2025-11-19 19:24:32,2025-11-22 02:04:16,2025-11-22 15:15:58,2025-11-23 07:13:34,10.0,15.96
RAKE-20250069,Steel,Port C,Plant A3,Coal,57,2026-01-21 16:30:38,2026-01-24 23:54:35,2026-01-25 21:06:21,2026-01-26 05:23:09,10.0,8.28
RAKE-20250070,Mining,Port B,Plant C3,Bauxite,57,2025-10-18 13:27:03,2025-10-20 19:41:25,2025-10-21 15:43:39,2025-10-22 05:19:03,15.0,13.59
RAKE-20250071,Power,Port C,Plant B3,Coal,59,2025-11-15 22:04:59,2025-11-16 23:31:37,2025-11-17 15:26:27,2025-11-18 06:29:27,10.0,15.05
RAKE-20250072,Steel,Port A,Plant A1,Iron Ore,45,2025-11-14 00:13:46,2025-11-17 01:27:38,2025-11-17 13:52:26,2025-11-17 20:12:50,10.0,6.34
RAKE-20250073,Steel,Port C,Plant A2,Iron Ore,45,2026-01-19 11:09:52,2026-01-20 22:54:40,2026-01-21 13:09:15,2026-01-21 20:48:15,10.0,7.65
RAKE-20250074,Mining,Port D,Plant C3,Iron Ore,57,2025-12-09 12:32:12,2025-12-10 21:57:19,2025-12-11 21:06:29,2025-12-12 04:03:29,10.0,6.95
RAKE-20250075,Power,Port A,Plant B2,Coal,55,2026-01-18 16:06:41,2026-01-21 03:55:26,2026-01-21 23:38:14,2026-01-22 08:05:14,10.0,8.45
RAKE-20250076,Power,Port A,Plant B1,Coal,51,2026-07-11 04:55:33,2026-07-14 11:53:39,2026-07-15 07:44:14,2026-07-16 10:46:02,10.0,27.03
RAKE-20250077,Power,Port A,Plant B2,Coal,53,2025-11-27 14:17:29,2025-11-28 18:28:23,2025-11-29 10:54:19,2025-11-30 05:47:43,10.0,18.89
RAKE-20250078,Steel,Port C,Plant A2,Iron Ore,55,2025-10-26 04:48:30,2025-10-28 14:33:38,2025-10-29 03:29:25,2025-10-29 11:19:13,10.0,7.83
RAKE-20250079,Steel,Port C,Plant A3,Iron Ore,48,2026-04-27 02:53:02,2026-04-30 12:08:15,2026-05-01 03:51:58,2026-05-01 09:23:46,10.0,5.53
RAKE-20250080,Steel,Port B,Plant A3,Coal,51,2026-06-16 00:54:46,2026-06-18 06:09:33,2026-06-19 05:45:35,2026-06-20 12:06:35,10.0,30.35
RAKE-20250081,Mining,Port A,Plant C2,Bauxite,50,2025-10-11 01:02:35,2025-10-14 11:39:26,2025-10-15 02:18:21,2025-10-16 03:17:09,15.0,24.98
RAKE-20250082,Power,Port B,Plant B2,Coal,49,2026-01-24 02:13:27,2026-01-25 12:39:39,2026-01-26 04:19:10,2026-01-27 07:39:34,10.0,27.34
RAKE-20250083,Steel,Port C,Plant A2,Coal,58,2025-11-12 12:22:12,2025-11-13 17:01:48,2025-11-14 16:18:32,2025-11-15 00:40:08,10.0,8.36
RAKE-20250084,Steel,Port B,Plant A1,Limestone,54,2026-02-10 07:54:02,2026-02-13 19:43:17,2026-02-14 08:19:25,2026-02-14 16:47:01,15.0,8.46
RAKE-20250085,Steel,Port D,Plant A1,Iron Ore,51,2025-09-17 23:01:54,2025-09-20 05:10:35,2025-09-21 00:26:50,2025-09-21 22:36:26,10.0,22.16
RAKE-20250086,Steel,Port A,Plant A2,Limestone,59,2026-04-08 23:12:17,2026-04-12 06:05:44,2026-04-12 23:49:10,2026-04-14 04:14:58,15.0,28.43
RAKE-20250087,Power,Port C,Plant B2,Coal,59,2026-04-11 07:31:17,2026-04-13 14:07:12,2026-04-14 07:33:14,2026-04-14 16:38:02,10.0,9.08
RAKE-20250088,Power,Port B,Plant B2,Coal,53,2025-12-11 23:39:05,2025-12-13 11:38:17,2025-12-14 00:17:52,2025-12-14 06:22:04,10.0,6.07
RAKE-20250089,Mining,Port B,Plant C1,Bauxite,53,2025-09-24 01:48:49,2025-09-25 12:22:49,2025-09-26 06:02:49,2025-09-26 18:07:01,15.0,12.07
RAKE-20250090,Power,Port C,Plant B3,Coal,50,2025-09-04 00:04:26,2025-09-07 08:33:02,2025-09-08 03:23:34,2025-09-08 11:10:22,10.0,7.78
RAKE-20250091,Steel,Port C,Plant A2,Coal,55,2026-02-10 15:27:00,2026-02-11 18:47:41,2026-02-12 17:12:03,2026-02-12 22:45:39,10.0,5.56
RAKE-20250092,Power,Port D,Plant B2,Coal,55,2025-09-21 04:16:45,2025-09-23 10:45:39,2025-09-24 05:59:59,2025-09-25 10:44:23,10.0,28.74
RAKE-20250093,Power,Port A,Plant B1,Coal,48,2026-08-24 02:07:29,2026-08-25 12:29:42,2026-08-26 10:18:04,2026-08-26 18:34:52,10.0,8.28
RAKE-20250094,Power,Port A,Plant B3,Coal,45,2025-09-12 23:33:59,2025-09-16 06:54:28,2025-09-16 23:00:45,2025-09-17 12:12:45,10.0,13.2
RAKE-20250095,Power,Port C,Plant B1,Coal,49,2025-09-04 21:25:22,2025-09-07 03:19:24,2025-09-08 02:55:37,2025-09-08 10:26:49,10.0,7.52
RAKE-20250096,Power,Port C,Plant B3,Coal,56,2026-07-11 00:45:19,2026-07-13 09:00:55,2026-07-14 01:40:50,2026-07-14 07:44:26,10.0,6.06
RAKE-20250097,Power,Port A,Plant B2,Coal,55,2026-08-15 22:37:15,2026-08-17 05:16:27,2026-08-18 01:33:21,2026-08-19 05:33:57,10.0,28.01
RAKE-20250098,Steel,Port A,Plant A3,Iron Ore,56,2025-12-09 03:45:31,2025-12-11 05:55:45,2025-12-12 03:47:24,2025-12-12 11:23:24,10.0,7.6
RAKE-20250099,Steel,Port A,Plant A1,Iron Ore,51,2025-11-09 12:13:34,2025-11-12 17:44:54,2025-11-13 11:05:06,2025-11-13 18:32:42,10.0,7.46
RAKE-20250100,Steel,Port D,Plant A2,Coal,45,2026-04-07 17:19:12,2026-04-10 18:24:20,2026-04-11 12:18:38,2026-04-11 20:32:26,10.0,8.23
RAKE-20250101,Steel,Port A,Plant A1,Coal,47,2026-07-02 05:07:50,2026-07-05 16:26:48,2026-07-06 12:34:21,2026-07-06 21:26:33,10.0,8.87
RAKE-20250102,Power,Port B,Plant B3,Coal,47,2025-12-02 06:36:54,2025-12-04 10:48:07,2025-12-05 01:40:01,2025-12-05 23:55:01,10.0,22.25
RAKE-20250103,Steel,Port A,Plant A2,Limestone,49,2025-10-21 23:38:36,2025-10-25 05:14:43,2025-10-25 22:34:41,2025-10-26 16:37:41,15.0,18.05
RAKE-20250104,Power,Port B,Plant B1,Coal,52,2026-02-03 16:34:50,2026-02-06 02:52:26,2026-02-06 19:11:24,2026-02-07 02:07:12,10.0,6.93
RAKE-20250105,Mining,Port A,Plant C1,Iron Ore,52,2026-06-08 04:40:24,2026-06-11 15:12:07,2026-06-12 08:31:55,2026-06-12 16:34:19,10.0,8.04
RAKE-20250106,Steel,Port B,Plant A3,Limestone,47,2026-05-09 09:32:24,2026-05-10 11:41:19,2026-05-11 06:30:59,2026-05-11 16:02:11,15.0,9.52
RAKE-20250107,Steel,Port A,Plant A1,Coal,45,2025-09-01 23:56:14,2025-09-04 07:18:35,2025-09-05 05:58:40,2025-09-06 03:26:52,10.0,21.47
RAKE-20250108,Power,Port D,Plant B2,Coal,54,2026-02-10 00:29:42,2026-02-12 03:29:40,2026-02-12 21:32:38,2026-02-13 04:49:26,10.0,7.28
RAKE-20250109,Steel,Port A,Plant A1,Coal,46,2026-02-11 23:36:54,2026-02-15 01:47:00,2026-02-15 23:05:38,2026-02-16 06:48:50,10.0,7.72
RAKE-20250110,Steel,Port B,Plant A2,Coal,48,2026-03-28 11:12:02,2026-03-30 21:04:30,2026-03-31 12:05:49,2026-03-31 20:10:37,10.0,8.08
RAKE-20250111,Steel,Port D,Plant A2,Coal,50,2026-03-16 11:33:57,2026-03-18 14:59:22,2026-03-19 04:13:41,2026-03-19 11:28:05,10.0,7.24
RAKE-20250112,Steel,Port C,Plant A2,Limestone,46,2025-10-10 00:55:47,2025-10-11 03:20:59,2025-10-12 00:15:26,2025-10-12 10:30:26,15.0,10.25
RAKE-20250113,Mining,Port B,Plant C1,Bauxite,58,2025-10-20 02:05:46,2025-10-22 07:20:59,2025-10-23 05:12:12,2025-10-24 01:56:36,15.0,20.74
RAKE-20250114,Mining,Port B,Plant C1,Bauxite,54,2026-07-07 02:49:49,2026-07-10 14:48:17,2026-07-11 05:58:03,2026-07-11 16:37:03,15.0,10.65
RAKE-20250115,Power,Port B,Plant B1,Coal,48,2025-11-20 16:11:11,2025-11-23 03:55:05,2025-11-23 16:42:05,2025-11-24 02:11:29,10.0,9.49
RAKE-20250116,Mining,Port C,Plant C3,Bauxite,46,2025-12-02 13:40:06,2025-12-05 19:29:55,2025-12-06 07:58:41,2025-12-07 05:04:41,15.0,21.1
RAKE-20250117,Mining,Port D,Plant C3,Iron Ore,46,2026-07-07 10:38:17,2026-07-09 21:51:08,2026-07-10 17:32:43,2026-07-11 17:56:07,10.0,24.39
RAKE-20250118,Steel,Port C,Plant A2,Iron Ore,45,2026-04-28 00:49:59,2026-04-29 09:07:03,2026-04-30 05:42:05,2026-04-30 14:51:41,10.0,9.16
RAKE-20250119,Mining,Port C,Plant C2,Iron Ore,49,2026-04-04 23:58:42,2026-04-08 11:40:44,2026-04-09 11:28:33,2026-04-09 19:35:45,10.0,8.12
RAKE-20250120,Power,Port C,Plant B3,Coal,49,2026-03-26 07:48:26,2026-03-27 18:27:19,2026-03-28 09:22:25,2026-03-28 17:49:25,10.0,8.45
RAKE-20250121,Mining,Port B,Plant C1,Bauxite,50,2026-06-01 15:49:23,2026-06-03 23:29:11,2026-06-04 19:04:08,2026-06-05 08:46:08,15.0,13.7
RAKE-20250122,Mining,Port A,Plant C1,Iron Ore,53,2025-11-07 08:28:03,2025-11-09 13:52:49,2025-11-10 13:15:14,2025-11-10 21:47:02,10.0,8.53
RAKE-20250123,Steel,Port C,Plant A1,Iron Ore,50,2025-12-27 23:03:54,2025-12-31 11:00:27,2026-01-01 10:36:22,2026-01-01 18:23:46,10.0,7.79
RAKE-20250124,Steel,Port D,Plant A1,Limestone,45,2026-05-02 06:43:47,2026-05-03 09:07:00,2026-05-03 22:40:30,2026-05-04 09:24:18,15.0,10.73
RAKE-20250125,Steel,Port A,Plant A1,Iron Ore,49,2026-01-02 21:40:38,2026-01-05 05:02:37,2026-01-06 00:27:47,2026-01-06 15:13:59,10.0,14.77
RAKE-20250126,Steel,Port C,Plant A2,Coal,54,2026-02-27 21:55:02,2026-02-28 23:07:41,2026-03-01 16:18:43,2026-03-02 01:03:07,10.0,8.74
RAKE-20250127,Mining,Port A,Plant C1,Iron Ore,57,2025-11-03 13:06:21,2025-11-05 00:10:08,2025-11-05 14:42:34,2025-11-05 20:52:46,10.0,6.17
RAKE-20250128,Mining,Port B,Plant C3,Iron Ore,47,2026-05-30 13:58:12,2026-06-02 16:41:39,2026-06-03 12:53:44,2026-06-03 19:17:08,10.0,6.39
RAKE-20250129,Steel,Port A,Plant A3,Iron Ore,59,2025-10-30 13:17:00,2025-11-01 17:31:35,2025-11-02 09:46:52,2025-11-03 08:54:04,10.0,23.12
RAKE-20250130,Power,Port B,Plant B3,Coal,51,2026-07-20 14:13:40,2026-07-23 17:29:22,2026-07-24 12:51:13,2026-07-25 17:35:01,10.0,28.73
RAKE-20250131,Steel,Port C,Plant A2,Iron Ore,48,2025-09-27 08:35:03,2025-09-28 15:54:17,2025-09-29 10:04:55,2025-09-30 08:23:31,10.0,22.31
RAKE-20250132,Steel,Port B,Plant A3,Iron Ore,49,2025-11-11 01:54:21,2025-11-12 04:43:12,2025-11-12 18:12:56,2025-11-13 11:09:56,10.0,16.95
RAKE-20250133,Steel,Port C,Plant A2,Coal,46,2025-12-05 20:00:46,2025-12-07 01:45:13,2025-12-07 19:52:48,2025-12-08 16:12:36,10.0,20.33
RAKE-20250134,Steel,Port C,Plant A3,Iron Ore,59,2026-05-02 16:26:07,2026-05-05 19:55:28,2026-05-06 09:30:22,2026-05-06 15:39:22,10.0,6.15
RAKE-20250135,Mining,Port D,Plant C3,Iron Ore,46,2026-01-17 10:11:06,2026-01-20 13:34:49,2026-01-21 02:31:11,2026-01-21 11:08:23,10.0,8.62
RAKE-20250136,Steel,Port A,Plant A1,Iron Ore,54,2026-07-13 14:44:45,2026-07-14 20:57:39,2026-07-15 19:28:08,2026-07-16 04:43:44,10.0,9.26
RAKE-20250137,Power,Port B,Plant B2,Coal,53,2025-12-24 10:01:54,2025-12-27 15:09:37,2025-12-28 10:40:53,2025-12-29 04:07:17,10.0,17.44
RAKE-20250138,Power,Port A,Plant B1,Coal,45,2026-01-25 10:36:44,2026-01-27 11:47:54,2026-01-28 10:42:47,2026-01-29 01:21:47,10.0,14.65
RAKE-20250139,Steel,Port D,Plant A3,Coal,53,2026-05-03 15:01:58,2026-05-06 00:46:44,2026-05-06 14:24:29,2026-05-06 20:13:05,10.0,5.81
RAKE-20250140,Mining,Port D,Plant C3,Bauxite,53,2025-11-17 12:03:42,2025-11-19 17:13:23,2025-11-20 06:17:02,2025-11-20 18:23:38,15.0,12.11
RAKE-20250141,Mining,Port B,Plant C2,Iron Ore,58,2026-07-24 07:52:47,2026-07-27 11:58:34,2026-07-28 00:49:01,2026-07-28 08:22:37,10.0,7.56
RAKE-20250142,Steel,Port D,Plant A1,Limestone,56,2026-02-21 23:44:11,2026-02-24 08:47:13,2026-02-24 22:52:28,2026-02-25 19:05:04,15.0,20.21
RAKE-20250143,Power,Port B,Plant B1,Coal,46,2026-03-13 11:34:49,2026-03-15 19:33:53,2026-03-16 17:52:19,2026-03-16 23:39:07,10.0,5.78
RAKE-20250144,Steel,Port C,Plant A2,Limestone,56,2026-04-07 03:40:50,2026-04-09 06:22:45,2026-04-10 01:54:01,2026-04-10 15:22:49,15.0,13.48
RAKE-20250145,Steel,Port A,Plant A2,Coal,49,2025-12-25 16:34:41,2025-12-27 04:07:41,2025-12-27 18:26:10,2025-12-28 00:47:10,10.0,6.35
RAKE-20250146,Steel,Port C,Plant A1,Limestone,49,2026-08-07 23:36:51,2026-08-11 05:37:25,2026-08-11 23:50:23,2026-08-12 05:30:35,15.0,5.67
RAKE-20250147,Power,Port A,Plant B2,Coal,57,2026-05-22 19:44:00,2026-05-26 00:56:43,2026-05-26 15:04:47,2026-05-27 12:15:35,10.0,21.18
RAKE-20250148,Power,Port D,Plant B1,Coal,54,2025-12-03 19:39:25,2025-12-05 02:36:38,2025-12-05 15:14:43,2025-12-06 00:03:55,10.0,8.82
RAKE-20250149,Steel,Port C,Plant A2,Coal,49,2026-02-21 07:57:39,2026-02-23 12:09:42,2026-02-24 10:35:21,2026-02-25 03:40:45,10.0,17.09
RAKE-20250150,Steel,Port C,Plant A2,Coal,54,2025-11-09 16:16:43,2025-11-10 20:01:57,2025-11-11 18:00:47,2025-11-12 01:51:11,10.0,7.84
RAKE-20250151,Mining,Port A,Plant C2,Iron Ore,54,2025-10-17 22:29:32,2025-10-20 09:43:18,2025-10-21 03:13:34,2025-10-21 11:15:22,10.0,8.03
RAKE-20250152,Steel,Port B,Plant A2,Iron Ore,51,2026-08-01 06:02:14,2026-08-03 08:24:53,2026-08-04 00:59:58,2026-08-04 07:09:34,10.0,6.16
RAKE-20250153,Steel,Port A,Plant A2,Limestone,50,2026-02-03 00:54:22,2026-02-04 12:30:55,2026-02-05 03:59:19,2026-02-06 09:27:31,15.0,29.47
RAKE-20250154,Power,Port B,Plant B1,Coal,45,2025-09-29 14:56:44,2025-09-30 20:25:18,2025-10-01 11:04:12,2025-10-01 19:01:48,10.0,7.96
RAKE-20250155,Mining,Port A,Plant C2,Iron Ore,55,2025-12-11 15:45:16,2025-12-14 02:55:48,2025-12-14 19:19:25,2025-12-15 01:40:25,10.0,6.35
RAKE-20250156,Steel,Port D,Plant A1,Limestone,46,2026-01-26 19:07:43,2026-01-29 04:49:10,2026-01-30 00:12:54,2026-01-30 14:41:42,15.0,14.48
RAKE-20250157,Power,Port C,Plant B1,Coal,49,2026-06-05 21:07:51,2026-06-07 07:25:01,2026-06-07 21:05:19,2026-06-08 13:40:43,10.0,16.59
RAKE-20250158,Power,Port B,Plant B3,Coal,56,2025-10-03 08:49:14,2025-10-06 18:31:29,2025-10-07 08:56:09,2025-10-07 18:01:33,10.0,9.09
RAKE-20250159,Steel,Port B,Plant A2,Limestone,58,2026-03-24 15:22:49,2026-03-27 22:42:51,2026-03-28 18:27:21,2026-03-30 04:33:57,15.0,34.11
RAKE-20250160,Power,Port B,Plant B1,Coal,47,2025-09-06 14:07:23,2025-09-09 15:40:04,2025-09-10 10:51:36,2025-09-10 16:32:24,10.0,5.68
RAKE-20250161,Steel,Port C,Plant A2,Iron Ore,48,2025-09-27 15:39:50,2025-09-30 01:05:05,2025-09-30 15:36:25,2025-09-30 22:56:49,10.0,7.34
RAKE-20250162,Power,Port B,Plant B1,Coal,53,2025-11-17 06:36:14,2025-11-18 18:11:23,2025-11-19 12:24:36,2025-11-19 20:03:36,10.0,7.65
RAKE-20250163,Power,Port D,Plant B1,Coal,46,2026-06-23 08:29:54,2026-06-26 11:46:13,2026-06-27 08:35:26,2026-06-27 15:06:02,10.0,6.51
RAKE-20250164,Power,Port B,Plant B1,Coal,52,2025-12-04 03:03:43,2025-12-06 13:28:46,2025-12-07 02:40:13,2025-12-07 10:51:01,10.0,8.18
RAKE-20250165,Steel,Port D,Plant A2,Limestone,56,2026-04-13 16:06:02,2026-04-16 00:45:53,2026-04-16 13:55:28,2026-04-17 01:54:16,15.0,11.98
RAKE-20250166,Mining,Port D,Plant C1,Iron Ore,53,2026-01-29 11:32:29,2026-02-01 17:14:39,2026-02-02 07:10:29,2026-02-02 15:53:05,10.0,8.71
RAKE-20250167,Steel,Port A,Plant A2,Iron Ore,51,2025-11-09 10:57:16,2025-11-12 22:24:28,2025-11-13 16:50:09,2025-11-14 09:54:21,10.0,17.07
RAKE-20250168,Steel,Port D,Plant A2,Limestone,49,2026-07-03 15:21:25,2026-07-05 22:49:26,2026-07-06 22:02:18,2026-07-07 07:47:18,15.0,9.75
RAKE-20250169,Steel,Port A,Plant A2,Iron Ore,47,2025-12-30 08:36:37,2026-01-01 18:06:54,2026-01-02 07:23:25,2026-01-03 10:18:01,10.0,26.91
RAKE-20250170,Power,Port D,Plant B2,Coal,57,2025-12-26 20:29:21,2025-12-29 01:24:40,2025-12-29 18:46:44,2025-12-30 01:30:32,10.0,6.73
RAKE-20250171,Power,Port B,Plant B2,Coal,55,2026-02-13 12:33:18,2026-02-15 14:23:53,2026-02-16 10:21:59,2026-02-16 16:53:47,10.0,6.53
RAKE-20250172,Steel,Port D,Plant A2,Limestone,48,2025-11-14 12:05:11,2025-11-17 18:10:30,2025-11-18 15:59:41,2025-11-19 00:32:41,15.0,8.55
RAKE-20250173,Power,Port D,Plant B2,Coal,50,2025-11-08 07:19:02,2025-11-09 14:01:43,2025-11-10 04:50:28,2025-11-10 13:37:16,10.0,8.78
RAKE-20250174,Steel,Port D,Plant A2,Iron Ore,59,2026-03-16 09:29:21,2026-03-18 15:55:05,2026-03-19 09:21:40,2026-03-19 16:22:16,10.0,7.01
RAKE-20250175,Power,Port C,Plant B2,Coal,54,2026-01-17 19:43:33,2026-01-19 05:22:47,2026-01-19 23:29:47,2026-01-20 05:48:23,10.0,6.31
RAKE-20250176,Steel,Port B,Plant A3,Limestone,56,2026-07-15 01:01:18,2026-07-17 08:50:52,2026-07-18 04:30:29,2026-07-18 16:00:29,15.0,11.5
RAKE-20250177,Power,Port A,Plant B2,Coal,46,2026-02-18 14:47:07,2026-02-19 17:05:01,2026-02-20 14:09:43,2026-02-20 23:03:43,10.0,8.9
RAKE-20250178,Steel,Port B,Plant A2,Coal,58,2026-03-29 05:39:00,2026-03-30 14:37:22,2026-03-31 08:41:13,2026-04-01 04:56:13,10.0,20.25
RAKE-20250179,Mining,Port A,Plant C3,Bauxite,53,2026-06-29 03:16:54,2026-07-01 12:18:39,2026-07-02 10:58:33,2026-07-03 10:02:09,15.0,23.06
RAKE-20250180,Steel,Port C,Plant A2,Iron Ore,53,2025-09-20 14:48:36,2025-09-22 01:00:39,2025-09-22 19:09:15,2025-09-23 11:46:27,10.0,16.62
RAKE-20250181,Steel,Port B,Plant A2,Coal,47,2026-05-19 18:53:30,2026-05-22 21:06:12,2026-05-23 13:46:39,2026-05-23 21:34:03,10.0,7.79
RAKE-20250182,Steel,Port D,Plant A2,Iron Ore,58,2025-10-04 09:39:54,2025-10-06 19:16:31,2025-10-07 18:31:30,2025-10-08 00:23:06,10.0,5.86
RAKE-20250183,Mining,Port C,Plant C3,Iron Ore,50,2026-08-11 09:47:50,2026-08-14 15:13:30,2026-08-15 14:15:55,2026-08-15 23:26:43,10.0,9.18
RAKE-20250184,Mining,Port D,Plant C2,Iron Ore,47,2025-12-24 08:31:39,2025-12-26 19:18:14,2025-12-27 15:36:51,2025-12-28 00:49:27,10.0,9.21
RAKE-20250185,Steel,Port A,Plant A3,Iron Ore,45,2026-01-13 13:15:13,2026-01-15 18:13:53,2026-01-16 11:06:30,2026-01-16 17:13:06,10.0,6.11
RAKE-20250186,Power,Port D,Plant B3,Coal,58,2026-08-11 04:37:21,2026-08-12 11:59:12,2026-08-13 10:55:22,2026-08-13 16:36:46,10.0,5.69
RAKE-20250187,Mining,Port D,Plant C3,Iron Ore,59,2026-01-06 21:32:25,2026-01-10 08:22:26,2026-01-11 07:24:41,2026-01-11 16:48:05,10.0,9.39
RAKE-20250188,Power,Port B,Plant B2,Coal,46,2026-04-07 13:51:50,2026-04-09 14:58:48,2026-04-10 04:04:38,2026-04-10 12:32:14,10.0,8.46
RAKE-20250189,Power,Port C,Plant B1,Coal,47,2025-10-12 23:46:15,2025-10-16 07:35:11,2025-10-17 03:32:53,2025-10-17 18:03:29,10.0,14.51
RAKE-20250190,Steel,Port C,Plant A3,Coal,45,2025-11-09 01:12:14,2025-11-11 02:45:48,2025-11-12 01:07:33,2025-11-12 16:56:09,10.0,15.81
RAKE-20250191,Steel,Port A,Plant A3,Iron Ore,55,2026-03-18 08:30:29,2026-03-21 18:02:02,2026-03-22 13:29:50,2026-03-22 22:42:26,10.0,9.21
RAKE-20250192,Mining,Port B,Plant C1,Bauxite,50,2026-06-03 01:42:47,2026-06-04 07:36:06,2026-06-04 21:18:04,2026-06-06 05:42:04,15.0,32.4
RAKE-20250193,Mining,Port B,Plant C1,Iron Ore,52,2026-01-20 02:36:17,2026-01-21 14:31:25,2026-01-22 10:54:13,2026-01-23 11:56:37,10.0,25.04
RAKE-20250194,Power,Port A,Plant B3,Coal,56,2025-09-08 01:13:16,2025-09-11 07:33:33,2025-09-12 04:53:38,2025-09-12 13:12:14,10.0,8.31
RAKE-20250195,Steel,Port B,Plant A2,Coal,49,2026-06-19 12:20:52,2026-06-22 18:40:12,2026-06-23 15:24:40,2026-06-23 22:22:52,10.0,6.97
RAKE-20250196,Steel,Port A,Plant A1,Iron Ore,45,2026-04-22 04:58:30,2026-04-25 11:34:47,2026-04-26 06:07:43,2026-04-26 14:31:07,10.0,8.39
RAKE-20250197,Power,Port A,Plant B1,Coal,59,2026-01-26 13:53:52,2026-01-27 17:30:36,2026-01-28 17:15:26,2026-01-29 11:09:26,10.0,17.9
RAKE-20250198,Mining,Port A,Plant C2,Iron Ore,48,2025-10-31 17:55:57,2025-11-01 22:04:53,2025-11-02 13:03:04,2025-11-03 05:28:52,10.0,16.43
RAKE-20250199,Mining,Port D,Plant C1,Iron Ore,59,2026-07-10 22:47:58,2026-07-12 02:45:01,2026-07-13 02:44:32,2026-07-13 11:27:44,10.0,8.72
RAKE-20250200,Power,Port B,Plant B3,Coal,56,2026-02-09 06:30:12,2026-02-10 12:32:37,2026-02-11 11:53:02,2026-02-11 17:59:02,10.0,6.1
RAKE-20250201,Power,Port D,Plant B3,Coal,51,2026-02-17 13:35:06,2026-02-20 21:32:18,2026-02-21 15:34:49,2026-02-21 22:56:25,10.0,7.36
RAKE-20250202,Steel,Port B,Plant A1,Coal,56,2026-05-03 09:22:33,2026-05-06 18:31:49,2026-05-07 16:27:42,2026-05-07 22:43:54,10.0,6.27
RAKE-20250203,Steel,Port B,Plant A2,Limestone,50,2025-11-29 05:40:58,2025-12-01 12:16:29,2025-12-02 12:10:36,2025-12-02 22:26:48,15.0,10.27
RAKE-20250204,Mining,Port B,Plant C3,Bauxite,51,2026-05-29 17:20:16,2026-05-31 23:12:36,2026-06-01 17:56:51,2026-06-02 13:49:39,15.0,19.88
RAKE-20250205,Power,Port B,Plant B3,Coal,52,2026-07-15 20:58:21,2026-07-17 05:14:10,2026-07-17 23:30:31,2026-07-18 08:26:19,10.0,8.93
RAKE-20250206,Steel,Port A,Plant A2,Coal,49,2025-11-14 01:27:37,2025-11-17 04:39:04,2025-11-17 21:44:55,2025-11-18 23:58:07,10.0,26.22
RAKE-20250207,Steel,Port C,Plant A1,Limestone,46,2025-10-20 18:02:13,2025-10-22 20:10:08,2025-10-23 16:55:50,2025-10-24 12:19:14,15.0,19.39
RAKE-20250208,Power,Port A,Plant B1,Coal,58,2026-07-15 21:10:43,2026-07-18 04:21:44,2026-07-18 22:59:41,2026-07-19 20:12:17,10.0,21.21
RAKE-20250209,Steel,Port C,Plant A1,Coal,55,2025-12-01 11:51:27,2025-12-03 19:24:20,2025-12-04 13:52:33,2025-12-04 22:12:21,10.0,8.33
RAKE-20250210,Steel,Port C,Plant A3,Coal,52,2025-09-18 22:39:56,2025-09-21 03:11:19,2025-09-22 02:04:07,2025-09-22 08:43:07,10.0,6.65
RAKE-20250211,Power,Port A,Plant B3,Coal,50,2026-01-04 06:40:21,2026-01-06 18:06:33,2026-01-07 09:19:33,2026-01-07 16:26:45,10.0,7.12
RAKE-20250212,Power,Port A,Plant B2,Coal,57,2026-06-04 12:24:28,2026-06-06 18:20:52,2026-06-07 15:54:18,2026-06-07 21:41:06,10.0,5.78
RAKE-20250213,Power,Port C,Plant B1,Coal,58,2026-03-15 03:31:35,2026-03-18 11:27:18,2026-03-19 03:46:21,2026-03-19 12:17:33,10.0,8.52
RAKE-20250214,Steel,Port B,Plant A3,Limestone,50,2026-06-29 09:06:32,2026-06-30 16:45:02,2026-07-01 08:20:16,2026-07-02 08:22:04,15.0,24.03
RAKE-20250215,Power,Port A,Plant B2,Coal,51,2026-01-12 21:15:50,2026-01-16 04:01:53,2026-01-17 03:35:13,2026-01-17 12:56:49,10.0,9.36
RAKE-20250216,Steel,Port D,Plant A3,Iron Ore,51,2026-06-19 11:37:53,2026-06-20 15:42:15,2026-06-21 07:53:26,2026-06-21 13:25:50,10.0,5.54
RAKE-20250217,Steel,Port A,Plant A1,Limestone,52,2026-03-03 06:36:56,2026-03-04 15:50:06,2026-03-05 06:20:53,2026-03-05 19:27:29,15.0,13.11
RAKE-20250218,Power,Port C,Plant B1,Coal,55,2026-08-13 04:05:00,2026-08-14 16:04:03,2026-08-15 04:21:55,2026-08-15 12:22:31,10.0,8.01
RAKE-20250219,Power,Port D,Plant B3,Coal,51,2026-07-23 11:23:46,2026-07-24 14:49:15,2026-07-25 13:55:28,2026-07-26 18:02:40,10.0,28.12
RAKE-20250220,Mining,Port A,Plant C3,Iron Ore,55,2025-11-08 15:09:10,2025-11-09 19:51:11,2025-11-10 14:04:53,2025-11-11 06:18:05,10.0,16.22
RAKE-20250221,Power,Port A,Plant B1,Coal,53,2026-05-27 09:58:55,2026-05-28 16:43:19,2026-05-29 11:44:59,2026-05-29 19:56:23,10.0,8.19
RAKE-20250222,Power,Port A,Plant B3,Coal,46,2025-09-01 20:20:53,2025-09-03 23:59:23,2025-09-04 15:52:20,2025-09-04 22:30:44,10.0,6.64
RAKE-20250223,Steel,Port B,Plant A1,Coal,51,2025-10-13 15:16:55,2025-10-16 20:54:17,2025-10-17 15:39:00,2025-10-17 21:54:36,10.0,6.26
RAKE-20250224,Steel,Port A,Plant A1,Coal,52,2026-07-29 11:21:19,2026-08-01 22:03:15,2026-08-02 21:21:25,2026-08-03 03:10:01,10.0,5.81
RAKE-20250225,Steel,Port C,Plant A3,Coal,56,2026-05-18 02:55:43,2026-05-19 12:37:27,2026-05-20 06:04:18,2026-05-20 13:19:18,10.0,7.25
RAKE-20250226,Steel,Port A,Plant A3,Limestone,47,2025-10-13 13:00:42,2025-10-14 23:55:58,2025-10-15 17:17:20,2025-10-16 16:31:44,15.0,23.24
RAKE-20250227,Mining,Port B,Plant C1,Bauxite,51,2025-10-13 03:40:13,2025-10-15 14:33:57,2025-10-16 11:56:57,2025-10-17 00:42:33,15.0,12.76
RAKE-20250228,Steel,Port D,Plant A3,Limestone,55,2025-10-08 08:42:56,2025-10-09 13:47:58,2025-10-10 07:49:12,2025-10-10 15:33:00,15.0,7.73
RAKE-20250229,Mining,Port D,Plant C3,Iron Ore,50,2026-06-22 18:35:04,2026-06-25 03:12:22,2026-06-25 21:52:35,2026-06-26 05:18:59,10.0,7.44
RAKE-20250230,Power,Port C,Plant B3,Coal,51,2026-03-09 11:52:27,2026-03-10 22:50:59,2026-03-11 17:53:53,2026-03-11 23:56:53,10.0,6.05
RAKE-20250231,Power,Port B,Plant B1,Coal,54,2026-02-26 21:53:51,2026-03-02 04:22:13,2026-03-02 19:31:39,2026-03-03 04:03:27,10.0,8.53
RAKE-20250232,Power,Port C,Plant B2,Coal,50,2026-07-09 16:55:51,2026-07-11 20:33:50,2026-07-12 13:34:46,2026-07-12 22:31:10,10.0,8.94
RAKE-20250233,Power,Port B,Plant B2,Coal,51,2026-03-26 10:41:41,2026-03-28 15:57:48,2026-03-29 13:30:54,2026-03-29 19:33:18,10.0,6.04
RAKE-20250234,Power,Port B,Plant B1,Coal,52,2026-06-13 15:17:02,2026-06-16 01:53:26,2026-06-16 14:23:25,2026-06-16 23:37:13,10.0,9.23
RAKE-20250235,Steel,Port A,Plant A3,Limestone,57,2025-09-16 21:16:04,2025-09-18 00:49:58,2025-09-18 23:12:20,2025-09-19 09:24:56,15.0,10.21
RAKE-20250236,Power,Port D,Plant B3,Coal,57,2026-01-06 03:16:22,2026-01-08 12:57:51,2026-01-09 03:34:40,2026-01-09 09:08:16,10.0,5.56
RAKE-20250237,Steel,Port B,Plant A3,Coal,58,2026-01-08 18:39:23,2026-01-10 22:53:53,2026-01-11 17:45:09,2026-01-12 01:10:57,10.0,7.43
RAKE-20250238,Steel,Port A,Plant A3,Limestone,48,2026-06-15 17:02:55,2026-06-19 01:19:29,2026-06-20 00:09:50,2026-06-21 02:15:50,15.0,26.1
RAKE-20250239,Power,Port B,Plant B1,Coal,53,2025-09-05 16:12:48,2025-09-07 19:53:36,2025-09-08 13:31:00,2025-09-08 19:53:12,10.0,6.37
RAKE-20250240,Steel,Port B,Plant A1,Limestone,49,2026-03-27 18:41:59,2026-03-29 01:44:46,2026-03-30 00:02:22,2026-03-30 12:14:58,15.0,12.21
RAKE-20250241,Mining,Port D,Plant C3,Iron Ore,56,2025-10-29 11:51:29,2025-10-30 14:48:53,2025-10-31 13:28:38,2025-10-31 22:42:26,10.0,9.23
RAKE-20250242,Mining,Port C,Plant C2,Iron Ore,45,2026-07-05 22:54:07,2026-07-08 07:22:22,2026-07-08 20:15:42,2026-07-09 04:55:18,10.0,8.66
RAKE-20250243,Mining,Port C,Plant C3,Bauxite,53,2026-03-31 14:41:30,2026-04-01 17:37:23,2026-04-02 07:45:13,2026-04-02 14:17:01,15.0,6.53
RAKE-20250244,Steel,Port A,Plant A2,Limestone,53,2025-10-30 08:04:07,2025-10-31 15:03:10,2025-11-01 09:46:14,2025-11-02 09:58:50,15.0,24.21
RAKE-20250245,Steel,Port B,Plant A1,Limestone,52,2026-04-18 03:44:29,2026-04-21 07:54:04,2026-04-22 04:44:34,2026-04-23 02:25:58,15.0,21.69
RAKE-20250246,Mining,Port B,Plant C1,Bauxite,46,2026-03-19 09:49:55,2026-03-20 15:13:56,2026-03-21 12:34:20,2026-03-21 19:18:44,15.0,6.74
RAKE-20250247,Steel,Port A,Plant A2,Coal,45,2026-01-22 18:08:43,2026-01-25 22:17:12,2026-01-26 21:49:34,2026-01-27 06:37:34,10.0,8.8
RAKE-20250248,Mining,Port A,Plant C1,Bauxite,45,2025-11-19 10:12:15,2025-11-22 19:52:36,2025-11-23 17:41:38,2025-11-23 23:42:14,15.0,6.01
RAKE-20250249,Mining,Port C,Plant C1,Iron Ore,52,2025-09-19 18:12:01,2025-09-21 00:47:45,2025-09-21 13:27:09,2025-09-22 08:42:09,10.0,19.25
RAKE-20250250,Mining,Port A,Plant C2,Iron Ore,53,2026-08-03 07:18:38,2026-08-05 10:40:43,2026-08-06 08:24:42,2026-08-06 17:09:06,10.0,8.74
RAKE-20250251,Steel,Port B,Plant A2,Coal,56,2026-01-18 20:30:36,2026-01-21 07:27:19,2026-01-21 21:20:01,2026-01-22 03:59:37,10.0,6.66
RAKE-20250252,Steel,Port A,Plant A3,Coal,55,2026-04-02 13:49:13,2026-04-04 15:45:35,2026-04-05 14:40:23,2026-04-05 21:19:59,10.0,6.66
RAKE-20250253,Mining,Port A,Plant C3,Bauxite,54,2026-07-06 05:48:40,2026-07-09 16:48:14,2026-07-10 14:10:45,2026-07-11 00:14:57,15.0,10.07
RAKE-20250254,Steel,Port A,Plant A1,Coal,59,2026-04-15 20:20:43,2026-04-18 06:56:47,2026-04-19 04:43:16,2026-04-19 13:09:40,10.0,8.44
RAKE-20250255,Steel,Port D,Plant A2,Iron Ore,48,2026-03-29 00:34:35,2026-04-01 06:16:44,2026-04-02 03:04:23,2026-04-02 10:08:35,10.0,7.07
RAKE-20250256,Power,Port D,Plant B2,Coal,46,2025-11-09 12:50:02,2025-11-10 22:16:25,2025-11-11 12:44:39,2025-11-11 19:59:03,10.0,7.24
RAKE-20250257,Mining,Port D,Plant C3,Iron Ore,47,2025-10-10 01:36:43,2025-10-13 08:13:18,2025-10-14 01:44:55,2025-10-14 15:16:43,10.0,13.53
RAKE-20250258,Power,Port B,Plant B3,Coal,57,2026-07-21 10:02:07,2026-07-23 19:51:08,2026-07-24 14:12:18,2026-07-24 21:14:06,10.0,7.03
RAKE-20250259,Power,Port A,Plant B1,Coal,59,2026-06-03 08:36:25,2026-06-05 12:08:52,2026-06-06 09:46:15,2026-06-06 18:42:39,10.0,8.94
RAKE-20250260,Steel,Port B,Plant A3,Iron Ore,58,2026-08-01 08:13:49,2026-08-03 11:07:50,2026-08-04 03:40:59,2026-08-04 21:04:23,10.0,17.39
RAKE-20250261,Power,Port B,Plant B3,Coal,56,2025-09-18 15:34:02,2025-09-21 17:00:08,2025-09-22 09:50:20,2025-09-22 16:59:20,10.0,7.15
RAKE-20250262,Mining,Port D,Plant C1,Bauxite,54,2025-10-18 06:14:01,2025-10-19 07:46:35,2025-10-20 02:36:30,2025-10-20 08:56:54,15.0,6.34
RAKE-20250263,Steel,Port A,Plant A2,Coal,58,2026-05-01 07:52:14,2026-05-02 17:16:01,2026-05-03 06:54:18,2026-05-03 15:39:18,10.0,8.75
RAKE-20250264,Power,Port B,Plant B1,Coal,58,2026-02-18 23:40:37,2026-02-22 05:49:35,2026-02-23 04:28:37,2026-02-23 10:03:25,10.0,5.58
RAKE-20250265,Mining,Port A,Plant C2,Iron Ore,55,2026-03-11 15:58:14,2026-03-15 03:14:04,2026-03-16 01:40:57,2026-03-16 22:42:45,10.0,21.03
RAKE-20250266,Power,Port B,Plant B2,Coal,51,2026-02-17 16:25:45,2026-02-19 23:46:37,2026-02-20 19:29:18,2026-02-21 02:26:18,10.0,6.95
RAKE-20250267,Power,Port C,Plant B1,Coal,50,2026-01-06 09:56:09,2026-01-09 13:04:16,2026-01-10 07:30:38,2026-01-10 13:40:50,10.0,6.17
RAKE-20250268,Power,Port B,Plant B1,Coal,58,2025-09-16 06:32:29,2025-09-18 07:53:00,2025-09-19 07:14:46,2025-09-19 14:38:10,10.0,7.39
RAKE-20250269,Steel,Port B,Plant A3,Iron Ore,50,2026-01-25 01:16:55,2026-01-27 06:05:02,2026-01-28 01:32:31,2026-01-28 07:40:55,10.0,6.14
RAKE-20250270,Steel,Port B,Plant A3,Iron Ore,55,2026-01-18 17:13:26,2026-01-21 18:13:35,2026-01-22 09:07:17,2026-01-23 05:39:05,10.0,20.53
RAKE-20250271,Mining,Port B,Plant C1,Bauxite,53,2026-03-02 08:44:46,2026-03-03 19:40:26,2026-03-04 08:33:13,2026-03-04 16:34:25,15.0,8.02
RAKE-20250272,Mining,Port C,Plant C1,Iron Ore,48,2026-04-06 20:12:19,2026-04-10 05:15:54,2026-04-11 00:40:03,2026-04-11 10:00:27,10.0,9.34
RAKE-20250273,Mining,Port D,Plant C3,Iron Ore,53,2026-02-09 06:20:10,2026-02-11 18:18:04,2026-02-12 08:08:43,2026-02-13 08:26:07,10.0,24.29
RAKE-20250274,Mining,Port D,Plant C3,Iron Ore,53,2025-10-26 02:43:46,2025-10-27 11:17:59,2025-10-28 08:43:12,2025-10-28 15:48:00,10.0,7.08
RAKE-20250275,Power,Port C,Plant B2,Coal,45,2025-12-19 09:54:23,2025-12-20 16:18:05,2025-12-21 05:44:18,2025-12-22 02:56:54,10.0,21.21
RAKE-20250276,Power,Port B,Plant B1,Coal,46,2026-08-07 02:09:52,2026-08-09 10:08:11,2026-08-10 03:32:13,2026-08-11 08:01:37,10.0,28.49
RAKE-20250277,Power,Port C,Plant B3,Coal,47,2026-03-07 20:10:11,2026-03-11 04:01:29,2026-03-11 16:55:04,2026-03-12 11:02:52,10.0,18.13
RAKE-20250278,Power,Port B,Plant B2,Coal,57,2026-03-21 02:56:55,2026-03-24 06:47:04,2026-03-24 23:39:59,2026-03-25 07:27:59,10.0,7.8
RAKE-20250279,Power,Port A,Plant B1,Coal,56,2026-03-08 23:12:19,2026-03-11 01:08:56,2026-03-11 14:14:25,2026-03-11 19:52:13,10.0,5.63
RAKE-20250280,Power,Port D,Plant B1,Coal,45,2026-06-30 10:24:58,2026-07-03 21:12:13,2026-07-04 09:18:48,2026-07-05 05:27:12,10.0,20.14
RAKE-20250281,Mining,Port A,Plant C1,Iron Ore,56,2026-02-23 14:41:46,2026-02-26 01:23:33,2026-02-26 18:23:00,2026-02-27 00:38:36,10.0,6.26
RAKE-20250282,Steel,Port D,Plant A2,Iron Ore,51,2026-06-11 20:40:54,2026-06-14 22:24:21,2026-06-15 18:43:00,2026-06-16 02:58:00,10.0,8.25
RAKE-20250283,Steel,Port B,Plant A3,Limestone,57,2026-01-27 01:41:29,2026-01-29 05:45:03,2026-01-29 21:38:42,2026-01-31 01:39:18,15.0,28.01
RAKE-20250284,Steel,Port C,Plant A3,Coal,51,2026-06-03 00:45:31,2026-06-06 11:17:39,2026-06-07 06:48:33,2026-06-08 09:23:21,10.0,26.58
RAKE-20250285,Power,Port C,Plant B3,Coal,53,2026-06-07 03:15:53,2026-06-08 12:11:04,2026-06-09 09:13:48,2026-06-09 18:30:36,10.0,9.28
RAKE-20250286,Steel,Port D,Plant A2,Coal,57,2025-11-26 09:38:55,2025-11-28 13:37:21,2025-11-29 11:29:44,2025-11-29 18:12:56,10.0,6.72
RAKE-20250287,Power,Port C,Plant B3,Coal,58,2026-05-22 03:41:36,2026-05-23 12:23:09,2026-05-24 08:55:09,2026-05-24 15:40:45,10.0,6.76
RAKE-20250288,Power,Port C,Plant B3,Coal,49,2025-11-27 11:57:16,2025-11-30 17:06:59,2025-12-01 14:06:47,2025-12-02 05:49:23,10.0,15.71
RAKE-20250289,Steel,Port A,Plant A3,Coal,57,2026-02-28 17:49:39,2026-03-02 03:24:31,2026-03-03 00:39:47,2026-03-04 08:04:23,10.0,31.41
RAKE-20250290,Power,Port B,Plant B2,Coal,53,2026-03-01 06:38:24,2026-03-04 08:53:01,2026-03-05 05:58:21,2026-03-05 13:50:33,10.0,7.87
RAKE-20250291,Steel,Port A,Plant A1,Iron Ore,51,2026-02-15 20:03:57,2026-02-19 01:07:30,2026-02-19 14:45:05,2026-02-19 21:18:05,10.0,6.55
RAKE-20250292,Steel,Port C,Plant A2,Coal,58,2026-02-06 15:05:23,2026-02-09 02:28:08,2026-02-10 01:17:58,2026-02-10 22:40:10,10.0,21.37
RAKE-20250293,Mining,Port B,Plant C3,Iron Ore,57,2026-03-24 08:29:41,2026-03-27 19:31:46,2026-03-28 18:52:57,2026-03-29 00:58:21,10.0,6.09
RAKE-20250294,Steel,Port C,Plant A2,Iron Ore,55,2026-07-07 13:44:59,2026-07-09 01:10:18,2026-07-09 18:15:07,2026-07-10 03:37:19,10.0,9.37
RAKE-20250295,Steel,Port A,Plant A1,Iron Ore,51,2026-02-19 00:34:50,2026-02-22 03:23:27,2026-02-23 00:26:06,2026-02-23 23:35:42,10.0,23.16
RAKE-20250296,Power,Port A,Plant B2,Coal,52,2026-05-10 03:20:01,2026-05-12 11:41:15,2026-05-13 10:02:27,2026-05-13 15:37:51,10.0,5.59
RAKE-20250297,Power,Port C,Plant B2,Coal,45,2025-12-06 08:51:14,2025-12-08 14:11:54,2025-12-09 05:14:48,2025-12-09 14:09:24,10.0,8.91
RAKE-20250298,Steel,Port A,Plant A3,Coal,49,2026-04-30 04:24:26,2026-05-03 06:16:44,2026-05-03 20:34:37,2026-05-04 03:06:25,10.0,6.53
RAKE-20250299,Power,Port A,Plant B2,Coal,48,2026-08-14 14:59:26,2026-08-17 16:19:03,2026-08-18 05:10:42,2026-08-18 12:05:54,10.0,6.92
RAKE-20250300,Steel,Port A,Plant A1,Coal,49,2026-03-25 08:43:56,2026-03-28 19:25:24,2026-03-29 13:45:11,2026-03-30 16:07:59,10.0,26.38
RAKE-20250301,Steel,Port D,Plant A1,Coal,53,2026-07-01 23:30:16,2026-07-04 01:40:18,2026-07-04 19:35:07,2026-07-05 02:12:55,10.0,6.63
RAKE-20250302,Power,Port C,Plant B2,Coal,54,2026-08-15 14:37:39,2026-08-16 20:21:39,2026-08-17 11:39:26,2026-08-18 04:43:38,10.0,17.07
RAKE-20250303,Power,Port B,Plant B1,Coal,45,2025-12-17 21:09:52,2025-12-19 23:49:50,2025-12-20 17:07:58,2025-12-21 02:16:58,10.0,9.15
RAKE-20250304,Power,Port A,Plant B1,Coal,55,2025-09-15 18:32:42,2025-09-16 23:04:24,2025-09-17 21:29:06,2025-09-18 03:15:18,10.0,5.77
RAKE-20250305,Power,Port B,Plant B1,Coal,58,2025-11-09 23:16:23,2025-11-12 02:52:21,2025-11-12 16:02:49,2025-11-13 00:21:25,10.0,8.31
RAKE-20250306,Mining,Port C,Plant C3,Iron Ore,53,2026-08-25 03:33:49,2026-08-28 06:42:33,2026-08-29 06:14:10,2026-08-29 11:57:22,10.0,5.72
RAKE-20250307,Power,Port C,Plant B3,Coal,48,2026-03-04 18:49:02,2026-03-06 02:37:57,2026-03-06 22:44:20,2026-03-07 07:01:08,10.0,8.28
RAKE-20250308,Steel,Port A,Plant A3,Limestone,49,2026-08-21 15:24:41,2026-08-25 03:14:44,2026-08-26 02:35:41,2026-08-26 08:12:53,15.0,5.62
RAKE-20250309,Power,Port A,Plant B2,Coal,51,2026-03-15 10:25:11,2026-03-16 19:28:05,2026-03-17 09:19:04,2026-03-17 17:38:16,10.0,8.32
RAKE-20250310,Steel,Port A,Plant A1,Iron Ore,55,2026-04-17 01:43:54,2026-04-19 06:00:48,2026-04-19 21:10:11,2026-04-20 06:16:11,10.0,9.1
RAKE-20250311,Steel,Port C,Plant A3,Coal,48,2026-03-01 09:47:32,2026-03-02 16:57:54,2026-03-03 13:12:51,2026-03-04 13:57:51,10.0,24.75
RAKE-20250312,Steel,Port C,Plant A3,Limestone,45,2026-05-18 22:11:51,2026-05-21 05:40:47,2026-05-22 00:23:59,2026-05-22 06:07:11,15.0,5.72
RAKE-20250313,Steel,Port A,Plant A1,Limestone,47,2025-12-19 02:25:21,2025-12-22 08:34:55,2025-12-23 02:38:07,2025-12-23 22:54:55,15.0,20.28
RAKE-20250314,Mining,Port A,Plant C3,Iron Ore,55,2026-04-04 08:50:37,2026-04-07 13:45:27,2026-04-08 07:57:04,2026-04-08 17:19:52,10.0,9.38
RAKE-20250315,Mining,Port A,Plant C3,Bauxite,48,2025-10-02 14:41:25,2025-10-05 23:16:52,2025-10-06 15:57:57,2025-10-07 00:12:21,15.0,8.24
RAKE-20250316,Power,Port D,Plant B1,Coal,48,2025-12-22 02:29:05,2025-12-25 06:37:59,2025-12-26 00:09:15,2025-12-26 07:07:27,10.0,6.97
RAKE-20250317,Steel,Port A,Plant A1,Coal,59,2026-07-07 21:31:51,2026-07-09 08:33:39,2026-07-10 05:51:54,2026-07-10 14:44:06,10.0,8.87
RAKE-20250318,Steel,Port C,Plant A1,Coal,46,2026-03-20 22:02:17,2026-03-22 08:12:27,2026-03-22 22:32:56,2026-03-23 05:24:32,10.0,6.86
RAKE-20250319,Steel,Port C,Plant A2,Iron Ore,54,2026-08-27 04:30:54,2026-08-28 16:04:58,2026-08-29 07:55:43,2026-08-30 07:29:19,10.0,23.56
RAKE-20250320,Steel,Port B,Plant A2,Iron Ore,50,2026-01-13 19:22:57,2026-01-15 05:33:40,2026-01-16 03:33:26,2026-01-17 08:16:02,10.0,28.71
RAKE-20250321,Power,Port A,Plant B3,Coal,45,2025-09-08 18:35:47,2025-09-10 01:03:55,2025-09-10 21:04:27,2025-09-11 03:54:51,10.0,6.84
RAKE-20250322,Power,Port A,Plant B2,Coal,53,2025-10-21 04:32:57,2025-10-24 13:25:49,2025-10-25 04:25:33,2025-10-25 11:42:57,10.0,7.29
RAKE-20250323,Power,Port C,Plant B2,Coal,45,2026-08-03 19:43:02,2026-08-05 00:25:21,2026-08-05 19:15:22,2026-08-06 14:27:22,10.0,19.2
RAKE-20250324,Steel,Port C,Plant A2,Iron Ore,51,2026-01-25 05:38:07,2026-01-26 08:00:41,2026-01-26 21:34:07,2026-01-27 06:32:19,10.0,8.97
RAKE-20250325,Mining,Port C,Plant C2,Iron Ore,54,2026-03-22 07:26:45,2026-03-23 13:52:41,2026-03-24 13:25:02,2026-03-25 05:27:26,10.0,16.04
RAKE-20250326,Power,Port B,Plant B2,Coal,51,2026-05-29 03:52:04,2026-06-01 12:48:02,2026-06-02 08:41:39,2026-06-03 02:04:27,10.0,17.38
RAKE-20250327,Power,Port A,Plant B2,Coal,58,2026-07-02 22:58:20,2026-07-06 04:11:53,2026-07-07 02:13:45,2026-07-07 20:17:21,10.0,18.06
RAKE-20250328,Power,Port D,Plant B2,Coal,55,2025-11-11 06:15:38,2025-11-12 11:35:28,2025-11-13 01:53:37,2025-11-13 09:21:49,10.0,7.47
RAKE-20250329,Steel,Port C,Plant A2,Limestone,58,2026-02-13 10:58:55,2026-02-15 18:37:24,2026-02-16 07:53:11,2026-02-16 20:07:35,15.0,12.24
RAKE-20250330,Steel,Port A,Plant A2,Coal,52,2026-02-10 00:52:23,2026-02-11 04:26:11,2026-02-11 23:19:12,2026-02-12 06:40:48,10.0,7.36
RAKE-20250331,Steel,Port D,Plant A2,Limestone,49,2026-07-20 18:10:37,2026-07-22 04:12:14,2026-07-22 16:39:23,2026-07-23 04:38:47,15.0,11.99
RAKE-20250332,Power,Port C,Plant B3,Coal,48,2025-09-04 04:03:44,2025-09-07 15:19:13,2025-09-08 09:10:39,2025-09-09 00:09:27,10.0,14.98
RAKE-20250333,Steel,Port C,Plant A3,Iron Ore,47,2026-03-13 02:04:45,2026-03-15 12:09:00,2026-03-16 07:27:01,2026-03-16 12:57:37,10.0,5.51
RAKE-20250334,Steel,Port C,Plant A2,Iron Ore,51,2026-07-18 01:49:11,2026-07-21 05:21:51,2026-07-22 02:10:57,2026-07-22 11:04:57,10.0,8.9
RAKE-20250335,Steel,Port D,Plant A3,Limestone,46,2026-07-01 10:33:42,2026-07-04 18:26:04,2026-07-05 10:28:18,2026-07-06 07:09:42,15.0,20.69
RAKE-20250336,Steel,Port C,Plant A3,Coal,55,2026-02-18 06:34:34,2026-02-19 11:06:07,2026-02-20 08:02:06,2026-02-21 11:51:18,10.0,27.82
RAKE-20250337,Mining,Port A,Plant C3,Bauxite,57,2026-05-08 02:47:22,2026-05-10 07:53:28,2026-05-10 21:38:16,2026-05-11 19:35:52,15.0,21.96
RAKE-20250338,Power,Port B,Plant B2,Coal,46,2026-03-10 16:25:42,2026-03-12 00:46:09,2026-03-12 13:17:43,2026-03-13 12:56:43,10.0,23.65
RAKE-20250339,Power,Port D,Plant B2,Coal,46,2026-02-10 07:51:40,2026-02-12 12:46:29,2026-02-13 03:19:46,2026-02-13 09:03:34,10.0,5.73
RAKE-20250340,Steel,Port A,Plant A2,Iron Ore,51,2026-06-08 11:04:04,2026-06-11 12:52:24,2026-06-12 10:37:16,2026-06-12 18:03:04,10.0,7.43
RAKE-20250341,Power,Port B,Plant B3,Coal,45,2026-02-20 07:58:57,2026-02-23 16:58:14,2026-02-24 15:04:21,2026-02-25 09:04:57,10.0,18.01
RAKE-20250342,Power,Port B,Plant B1,Coal,45,2026-05-21 08:09:17,2026-05-22 12:55:14,2026-05-23 10:09:28,2026-05-23 18:20:16,10.0,8.18
RAKE-20250343,Steel,Port B,Plant A1,Limestone,58,2026-08-03 20:06:49,2026-08-04 21:55:22,2026-08-05 10:33:51,2026-08-06 00:56:39,15.0,14.38
RAKE-20250344,Steel,Port C,Plant A3,Limestone,51,2026-02-27 23:43:16,2026-03-03 04:09:00,2026-03-03 19:49:29,2026-03-04 06:19:29,15.0,10.5
RAKE-20250345,Steel,Port D,Plant A1,Iron Ore,54,2026-03-29 18:48:52,2026-04-02 00:22:23,2026-04-02 20:38:51,2026-04-03 02:43:03,10.0,6.07
RAKE-20250346,Power,Port A,Plant B1,Coal,48,2026-03-22 09:49:40,2026-03-25 11:10:10,2026-03-26 05:49:11,2026-03-26 19:31:11,10.0,13.7
RAKE-20250347,Power,Port A,Plant B2,Coal,47,2026-02-05 15:35:39,2026-02-07 17:23:25,2026-02-08 16:50:24,2026-02-08 22:42:36,10.0,5.87
RAKE-20250348,Steel,Port A,Plant A3,Coal,54,2026-01-25 19:51:47,2026-01-28 03:06:02,2026-01-29 02:14:26,2026-01-29 10:18:02,10.0,8.06
RAKE-20250349,Steel,Port D,Plant A2,Limestone,55,2025-11-05 14:12:22,2025-11-07 00:07:03,2025-11-07 13:10:07,2025-11-07 22:49:43,15.0,9.66
RAKE-20250350,Power,Port C,Plant B2,Coal,49,2025-09-29 21:50:31,2025-10-01 00:18:36,2025-10-01 21:58:49,2025-10-02 04:18:37,10.0,6.33
RAKE-20250351,Power,Port A,Plant B3,Coal,46,2025-12-19 14:02:49,2025-12-20 19:57:02,2025-12-21 17:44:05,2025-12-21 23:55:29,10.0,6.19
RAKE-20250352,Mining,Port D,Plant C3,Iron Ore,50,2026-07-16 06:32:57,2026-07-19 08:26:23,2026-07-20 03:21:57,2026-07-20 11:51:21,10.0,8.49
RAKE-20250353,Power,Port D,Plant B3,Coal,56,2026-06-12 11:03:09,2026-06-13 19:57:42,2026-06-14 14:00:30,2026-06-15 10:23:18,10.0,20.38
RAKE-20250354,Steel,Port D,Plant A1,Coal,45,2026-05-29 10:19:28,2026-05-31 21:11:41,2026-06-01 15:24:48,2026-06-02 00:36:12,10.0,9.19
RAKE-20250355,Steel,Port D,Plant A2,Coal,52,2025-12-16 02:10:28,2025-12-18 13:20:27,2025-12-19 01:38:01,2025-12-19 09:41:01,10.0,8.05
RAKE-20250356,Power,Port A,Plant B1,Coal,55,2026-04-24 12:17:06,2026-04-27 14:54:03,2026-04-28 13:10:14,2026-04-28 19:33:02,10.0,6.38
RAKE-20250357,Steel,Port C,Plant A1,Limestone,58,2026-04-30 16:47:31,2026-05-01 18:58:08,2026-05-02 15:36:08,2026-05-03 23:06:44,15.0,31.51
RAKE-20250358,Power,Port B,Plant B2,Coal,46,2025-09-21 10:40:25,2025-09-22 16:43:41,2025-09-23 09:04:41,2025-09-23 14:39:29,10.0,5.58
RAKE-20250359,Mining,Port D,Plant C3,Iron Ore,46,2026-01-06 22:59:22,2026-01-10 07:51:27,2026-01-11 02:32:18,2026-01-12 13:09:30,10.0,34.62
RAKE-20250360,Power,Port C,Plant B3,Coal,58,2026-01-20 15:30:04,2026-01-23 01:27:03,2026-01-23 13:52:48,2026-01-23 20:07:12,10.0,6.24
RAKE-20250361,Steel,Port C,Plant A1,Limestone,59,2026-01-17 17:42:31,2026-01-19 21:18:39,2026-01-20 18:04:14,2026-01-21 18:37:50,15.0,24.56
RAKE-20250362,Power,Port C,Plant B3,Coal,46,2026-07-09 22:41:57,2026-07-10 23:50:57,2026-07-11 15:29:16,2026-07-12 00:21:28,10.0,8.87
RAKE-20250363,Power,Port A,Plant B1,Coal,51,2026-01-30 23:54:33,2026-02-01 08:11:07,2026-02-02 06:46:05,2026-02-02 21:50:17,10.0,15.07
RAKE-20250364,Power,Port B,Plant B3,Coal,54,2026-01-24 04:16:15,2026-01-26 10:00:05,2026-01-27 09:48:53,2026-01-27 15:22:29,10.0,5.56
RAKE-20250365,Mining,Port D,Plant C1,Bauxite,46,2026-07-19 15:50:21,2026-07-21 17:00:33,2026-07-22 10:14:17,2026-07-23 04:57:29,15.0,18.72
RAKE-20250366,Steel,Port D,Plant A2,Iron Ore,48,2026-03-05 01:42:05,2026-03-06 11:45:01,2026-03-07 02:16:15,2026-03-07 10:45:39,10.0,8.49
RAKE-20250367,Mining,Port A,Plant C3,Iron Ore,59,2025-12-09 03:46:10,2025-12-10 10:09:58,2025-12-11 08:21:05,2025-12-11 16:07:53,10.0,7.78
RAKE-20250368,Mining,Port A,Plant C1,Iron Ore,53,2025-12-27 14:07:34,2025-12-30 23:57:38,2025-12-31 12:29:25,2025-12-31 19:39:01,10.0,7.16
RAKE-20250369,Steel,Port A,Plant A3,Iron Ore,52,2026-06-18 16:25:35,2026-06-21 23:20:20,2026-06-22 11:55:49,2026-06-22 20:40:13,10.0,8.74
RAKE-20250370,Steel,Port C,Plant A1,Iron Ore,53,2026-01-27 13:35:59,2026-01-30 16:33:46,2026-01-31 05:31:04,2026-01-31 20:13:40,10.0,14.71
RAKE-20250371,Steel,Port D,Plant A3,Iron Ore,48,2025-10-05 07:19:53,2025-10-06 11:53:49,2025-10-07 11:37:34,2025-10-07 17:32:46,10.0,5.92
RAKE-20250372,Steel,Port A,Plant A3,Coal,45,2026-01-08 19:37:19,2026-01-12 02:49:04,2026-01-12 22:35:30,2026-01-13 06:07:54,10.0,7.54
RAKE-20250373,Steel,Port B,Plant A1,Iron Ore,45,2026-05-22 06:52:30,2026-05-23 11:40:41,2026-05-24 01:44:06,2026-05-24 07:47:42,10.0,6.06
RAKE-20250374,Power,Port D,Plant B2,Coal,59,2026-07-27 19:10:04,2026-07-30 21:49:17,2026-07-31 10:17:04,2026-07-31 18:55:28,10.0,8.64
RAKE-20250375,Steel,Port C,Plant A3,Iron Ore,52,2025-09-12 09:54:31,2025-09-14 17:33:14,2025-09-15 16:47:01,2025-09-16 14:18:49,10.0,21.53
RAKE-20250376,Steel,Port B,Plant A1,Limestone,58,2026-03-05 23:55:02,2026-03-07 05:26:10,2026-03-07 17:39:24,2026-03-08 14:16:36,15.0,20.62
RAKE-20250377,Mining,Port C,Plant C1,Bauxite,50,2025-11-19 12:29:38,2025-11-21 17:02:52,2025-11-22 15:06:55,2025-11-23 13:47:07,15.0,22.67
RAKE-20250378,Steel,Port B,Plant A1,Coal,52,2025-12-08 22:42:11,2025-12-10 10:16:31,2025-12-11 05:48:15,2025-12-11 13:55:27,10.0,8.12
RAKE-20250379,Mining,Port A,Plant C3,Iron Ore,51,2026-05-06 12:19:39,2026-05-08 14:26:56,2026-05-09 07:18:17,2026-05-09 13:13:29,10.0,5.92
RAKE-20250380,Steel,Port C,Plant A1,Coal,52,2026-07-01 21:00:43,2026-07-04 02:25:44,2026-07-04 18:02:05,2026-07-05 08:05:41,10.0,14.06
RAKE-20250381,Steel,Port C,Plant A2,Limestone,50,2026-07-01 19:39:30,2026-07-03 01:39:25,2026-07-03 22:35:55,2026-07-04 12:08:55,15.0,13.55
RAKE-20250382,Power,Port D,Plant B2,Coal,49,2025-09-22 23:57:34,2025-09-26 03:39:41,2025-09-26 16:58:22,2025-09-27 01:34:58,10.0,8.61
RAKE-20250383,Power,Port C,Plant B3,Coal,49,2026-01-04 15:52:28,2026-01-05 21:54:03,2026-01-06 21:12:24,2026-01-07 03:47:48,10.0,6.59
RAKE-20250384,Mining,Port C,Plant C2,Bauxite,47,2025-09-13 01:21:56,2025-09-16 07:11:42,2025-09-16 20:32:55,2025-09-17 02:57:31,15.0,6.41
RAKE-20250385,Power,Port A,Plant B1,Coal,59,2025-12-31 07:08:06,2026-01-01 11:44:26,2026-01-02 10:03:41,2026-01-02 18:46:17,10.0,8.71
RAKE-20250386,Mining,Port B,Plant C2,Bauxite,55,2025-11-26 11:55:21,2025-11-28 15:34:20,2025-11-29 05:07:51,2025-11-30 05:11:27,15.0,24.06
RAKE-20250387,Steel,Port A,Plant A1,Coal,46,2026-04-08 23:47:08,2026-04-12 11:01:37,2026-04-13 10:26:39,2026-04-13 19:16:27,10.0,8.83
RAKE-20250388,Steel,Port A,Plant A3,Iron Ore,56,2026-04-27 18:32:55,2026-05-01 04:54:09,2026-05-01 19:39:33,2026-05-02 01:34:45,10.0,5.92
RAKE-20250389,Power,Port C,Plant B2,Coal,50,2025-10-19 17:21:31,2025-10-22 19:16:20,2025-10-23 09:33:53,2025-10-23 15:59:05,10.0,6.42
RAKE-20250390,Mining,Port D,Plant C2,Bauxite,45,2026-01-18 22:20:17,2026-01-22 09:55:24,2026-01-23 03:03:30,2026-01-23 15:49:42,15.0,12.77
RAKE-20250391,Mining,Port A,Plant C2,Iron Ore,49,2025-09-07 23:08:34,2025-09-11 08:17:10,2025-09-12 00:02:22,2025-09-12 06:02:22,10.0,6.0
RAKE-20250392,Steel,Port B,Plant A3,Coal,53,2026-08-21 14:38:02,2026-08-24 15:38:11,2026-08-25 05:09:35,2026-08-26 01:05:23,10.0,19.93
RAKE-20250393,Steel,Port D,Plant A2,Iron Ore,57,2026-03-22 11:16:39,2026-03-24 12:58:35,2026-03-25 05:43:53,2026-03-26 05:01:53,10.0,23.3
RAKE-20250394,Power,Port A,Plant B1,Coal,57,2026-05-12 21:18:59,2026-05-15 04:22:44,2026-05-16 00:52:59,2026-05-16 07:31:59,10.0,6.65
RAKE-20250395,Steel,Port C,Plant A2,Limestone,55,2026-03-13 02:36:42,2026-03-16 13:59:06,2026-03-17 11:31:33,2026-03-18 14:26:45,15.0,26.92
RAKE-20250396,Mining,Port C,Plant C3,Iron Ore,46,2026-08-13 17:22:25,2026-08-17 02:18:56,2026-08-18 01:34:06,2026-08-18 22:05:54,10.0,20.53
RAKE-20250397,Mining,Port C,Plant C2,Bauxite,50,2025-11-10 21:47:14,2025-11-13 00:58:30,2025-11-13 15:51:31,2025-11-14 21:38:19,15.0,29.78
RAKE-20250398,Steel,Port A,Plant A3,Iron Ore,50,2025-09-22 03:16:42,2025-09-23 04:17:54,2025-09-23 18:59:03,2025-09-24 14:56:39,10.0,19.96
RAKE-20250399,Power,Port B,Plant B2,Coal,52,2025-12-30 20:25:39,2026-01-03 07:02:05,2026-01-03 23:46:29,2026-01-04 07:21:53,10.0,7.59
RAKE-20250400,Power,Port C,Plant B1,Coal,46,2026-05-03 02:33:59,2026-05-06 11:05:10,2026-05-06 23:07:12,2026-05-07 06:07:48,10.0,7.01
RAKE-20250401,Steel,Port C,Plant A1,Coal,49,2025-10-16 18:54:59,2025-10-19 05:32:26,2025-10-20 03:16:14,2025-10-20 11:25:50,10.0,8.16
RAKE-20250402,Mining,Port A,Plant C3,Iron Ore,49,2025-10-09 20:45:44,2025-10-13 01:00:31,2025-10-13 21:48:34,2025-10-14 06:14:22,10.0,8.43
RAKE-20250403,Power,Port C,Plant B2,Coal,57,2026-01-05 11:46:37,2026-01-07 23:30:25,2026-01-08 20:38:40,2026-01-09 12:36:16,10.0,15.96
RAKE-20250404,Mining,Port A,Plant C3,Iron Ore,48,2026-04-01 15:30:38,2026-04-03 00:14:26,2026-04-03 21:45:11,2026-04-04 05:03:47,10.0,7.31
RAKE-20250405,Steel,Port C,Plant A2,Coal,47,2026-01-27 13:09:27,2026-01-28 18:07:00,2026-01-29 14:07:49,2026-01-30 07:22:13,10.0,17.24
RAKE-20250406,Mining,Port A,Plant C3,Bauxite,47,2025-09-05 10:30:46,2025-09-06 22:28:11,2025-09-07 11:42:37,2025-09-08 12:09:37,15.0,24.45
RAKE-20250407,Steel,Port D,Plant A1,Limestone,53,2026-02-20 05:33:12,2026-02-23 15:32:21,2026-02-24 03:42:23,2026-02-25 03:21:23,15.0,23.65
RAKE-20250408,Steel,Port B,Plant A3,Iron Ore,53,2025-09-26 15:17:08,2025-09-27 23:25:38,2025-09-28 13:23:23,2025-09-29 06:48:35,10.0,17.42
RAKE-20250409,Mining,Port B,Plant C3,Bauxite,53,2025-09-10 17:50:04,2025-09-13 01:18:01,2025-09-13 23:28:04,2025-09-14 06:34:40,15.0,7.11
RAKE-20250410,Steel,Port A,Plant A1,Coal,54,2026-05-08 14:57:41,2026-05-09 21:41:28,2026-05-10 19:43:39,2026-05-11 03:16:03,10.0,7.54
RAKE-20250411,Steel,Port B,Plant A2,Limestone,57,2026-06-12 00:39:20,2026-06-14 04:01:08,2026-06-14 16:30:10,2026-06-14 22:15:46,15.0,5.76
RAKE-20250412,Mining,Port D,Plant C2,Iron Ore,47,2026-02-19 21:22:44,2026-02-21 07:50:30,2026-02-22 07:11:28,2026-02-22 14:21:40,10.0,7.17
RAKE-20250413,Mining,Port D,Plant C3,Bauxite,51,2025-10-09 02:52:35,2025-10-10 08:43:48,2025-10-10 21:30:36,2025-10-11 04:33:36,15.0,7.05
RAKE-20250414,Power,Port B,Plant B3,Coal,49,2026-02-15 23:06:55,2026-02-18 04:49:51,2026-02-18 18:21:05,2026-02-19 03:27:41,10.0,9.11
RAKE-20250415,Power,Port B,Plant B2,Coal,46,2025-12-31 07:18:19,2026-01-02 17:20:34,2026-01-03 11:59:48,2026-01-04 07:16:00,10.0,19.27
RAKE-20250416,Steel,Port C,Plant A3,Limestone,54,2025-09-13 06:22:23,2025-09-14 16:30:12,2025-09-15 05:05:40,2025-09-15 17:22:28,15.0,12.28
RAKE-20250417,Steel,Port D,Plant A1,Coal,45,2026-03-11 03:48:38,2026-03-12 15:48:27,2026-03-13 13:55:38,2026-03-13 20:41:50,10.0,6.77
RAKE-20250418,Steel,Port C,Plant A2,Iron Ore,49,2026-07-09 02:23:34,2026-07-12 05:06:44,2026-07-12 22:21:24,2026-07-13 06:27:24,10.0,8.1
RAKE-20250419,Power,Port B,Plant B2,Coal,53,2025-11-01 16:35:09,2025-11-04 19:21:09,2025-11-05 11:26:27,2025-11-05 19:15:39,10.0,7.82
RAKE-20250420,Power,Port B,Plant B1,Coal,57,2026-03-23 02:22:41,2026-03-24 09:55:25,2026-03-24 23:00:21,2026-03-25 04:46:33,10.0,5.77
RAKE-20250421,Power,Port C,Plant B3,Coal,57,2026-06-12 09:53:41,2026-06-14 14:49:51,2026-06-15 06:08:11,2026-06-16 11:01:35,10.0,28.89
RAKE-20250422,Power,Port A,Plant B3,Coal,49,2026-03-14 06:05:32,2026-03-16 07:08:00,2026-03-16 22:01:53,2026-03-17 07:15:41,10.0,9.23
RAKE-20250423,Steel,Port C,Plant A3,Coal,55,2026-02-10 21:55:53,2026-02-14 07:27:39,2026-02-15 02:18:32,2026-02-16 01:37:08,10.0,23.31
RAKE-20250424,Power,Port B,Plant B1,Coal,47,2026-07-25 05:39:32,2026-07-27 10:03:39,2026-07-27 23:27:48,2026-07-28 06:51:12,10.0,7.39
RAKE-20250425,Steel,Port C,Plant A1,Iron Ore,45,2025-12-06 07:47:54,2025-12-08 10:54:31,2025-12-09 02:54:52,2025-12-10 04:06:16,10.0,25.19
RAKE-20250426,Power,Port A,Plant B3,Coal,55,2025-09-20 14:48:13,2025-09-22 17:46:47,2025-09-23 14:02:57,2025-09-23 19:50:21,10.0,5.79
RAKE-20250427,Steel,Port C,Plant A2,Coal,52,2026-07-21 08:09:30,2026-07-24 14:00:55,2026-07-25 13:21:19,2026-07-25 19:49:31,10.0,6.47
RAKE-20250428,Mining,Port B,Plant C3,Bauxite,54,2026-08-14 06:01:13,2026-08-15 12:52:47,2026-08-16 08:32:40,2026-08-16 22:39:16,15.0,14.11
RAKE-20250429,Steel,Port C,Plant A1,Coal,49,2025-09-06 16:57:04,2025-09-08 18:33:51,2025-09-09 07:11:35,2025-09-10 01:53:35,10.0,18.7
RAKE-20250430,Steel,Port A,Plant A3,Iron Ore,58,2026-08-11 05:49:13,2026-08-12 08:02:05,2026-08-13 01:04:08,2026-08-13 09:10:08,10.0,8.1
RAKE-20250431,Steel,Port C,Plant A1,Limestone,56,2026-08-03 09:56:10,2026-08-04 12:25:18,2026-08-05 06:02:43,2026-08-05 18:25:31,15.0,12.38
RAKE-20250432,Power,Port C,Plant B1,Coal,58,2026-03-20 04:26:43,2026-03-21 15:00:21,2026-03-22 09:39:19,2026-03-23 14:49:31,10.0,29.17
RAKE-20250433,Power,Port C,Plant B3,Coal,50,2026-06-11 10:05:06,2026-06-13 21:44:07,2026-06-14 20:48:38,2026-06-16 01:36:38,10.0,28.8
RAKE-20250434,Steel,Port C,Plant A3,Coal,55,2025-12-01 17:00:53,2025-12-03 20:54:48,2025-12-04 13:11:28,2025-12-04 21:26:28,10.0,8.25
RAKE-20250435,Steel,Port C,Plant A1,Limestone,56,2026-03-13 11:47:59,2026-03-14 18:37:43,2026-03-15 11:19:44,2026-03-16 07:23:56,15.0,20.07
RAKE-20250436,Power,Port D,Plant B1,Coal,52,2026-01-25 22:20:41,2026-01-28 02:54:27,2026-01-28 16:32:33,2026-01-28 22:25:21,10.0,5.88
RAKE-20250437,Steel,Port A,Plant A1,Coal,56,2026-07-07 22:19:00,2026-07-10 08:17:28,2026-07-11 05:55:18,2026-07-11 14:41:30,10.0,8.77
RAKE-20250438,Mining,Port D,Plant C3,Iron Ore,57,2026-04-22 18:01:50,2026-04-25 05:57:06,2026-04-26 00:42:29,2026-04-26 09:52:05,10.0,9.16
RAKE-20250439,Power,Port B,Plant B2,Coal,59,2026-01-30 21:42:55,2026-02-01 08:24:56,2026-02-02 02:14:20,2026-02-02 21:05:20,10.0,18.85
RAKE-20250440,Steel,Port A,Plant A3,Iron Ore,54,2026-08-10 09:02:23,2026-08-12 13:11:42,2026-08-13 04:25:05,2026-08-13 21:34:05,10.0,17.15
RAKE-20250441,Steel,Port A,Plant A3,Coal,49,2025-12-16 00:47:23,2025-12-18 10:14:32,2025-12-19 08:51:45,2025-12-19 15:40:57,10.0,6.82
RAKE-20250442,Mining,Port B,Plant C3,Bauxite,45,2026-03-05 08:24:51,2026-03-08 11:00:34,2026-03-09 07:51:04,2026-03-09 21:12:40,15.0,13.36
RAKE-20250443,Steel,Port C,Plant A3,Iron Ore,55,2026-01-11 10:27:54,2026-01-14 16:04:01,2026-01-15 12:38:13,2026-01-15 21:50:49,10.0,9.21
RAKE-20250444,Steel,Port C,Plant A3,Coal,54,2025-09-30 02:16:30,2025-10-02 12:55:39,2025-10-03 05:56:42,2025-10-03 21:51:18,10.0,15.91
RAKE-20250445,Mining,Port C,Plant C1,Bauxite,45,2026-08-20 22:25:52,2026-08-21 23:35:46,2026-08-22 13:31:45,2026-08-23 17:03:33,15.0,27.53
RAKE-20250446,Mining,Port B,Plant C1,Iron Ore,55,2026-06-29 01:07:07,2026-06-30 11:36:15,2026-07-01 03:00:21,2026-07-01 12:26:45,10.0,9.44
RAKE-20250447,Mining,Port B,Plant C3,Iron Ore,59,2026-08-20 00:23:23,2026-08-23 11:48:26,2026-08-24 05:51:57,2026-08-25 10:17:09,10.0,28.42
RAKE-20250448,Power,Port A,Plant B3,Coal,59,2026-03-17 07:34:33,2026-03-18 13:30:59,2026-03-19 06:47:52,2026-03-20 03:28:40,10.0,20.68
RAKE-20250449,Steel,Port B,Plant A3,Iron Ore,56,2026-08-13 08:10:49,2026-08-15 13:15:59,2026-08-16 06:39:12,2026-08-16 14:45:12,10.0,8.1
RAKE-20250450,Steel,Port B,Plant A3,Coal,54,2025-09-14 07:08:32,2025-09-16 14:17:22,2025-09-17 10:46:26,2025-09-17 18:00:14,10.0,7.23
RAKE-20250451,Power,Port A,Plant B3,Coal,51,2025-10-20 09:54:17,2025-10-22 11:16:54,2025-10-23 01:19:34,2025-10-23 10:03:58,10.0,8.74
RAKE-20250452,Power,Port A,Plant B3,Coal,54,2026-07-24 13:00:11,2026-07-27 15:56:28,2026-07-28 11:12:56,2026-07-28 17:18:20,10.0,6.09
RAKE-20250453,Steel,Port C,Plant A2,Coal,56,2026-04-07 17:38:02,2026-04-10 01:52:30,2026-04-10 17:02:26,2026-04-11 01:07:50,10.0,8.09
RAKE-20250454,Mining,Port C,Plant C3,Iron Ore,54,2026-07-27 06:17:43,2026-07-28 17:30:08,2026-07-29 15:26:34,2026-07-29 22:26:34,10.0,7.0
RAKE-20250455,Steel,Port D,Plant A2,Iron Ore,45,2026-03-01 05:22:23,2026-03-02 15:14:20,2026-03-03 06:42:46,2026-03-04 05:46:58,10.0,23.07
RAKE-20250456,Power,Port D,Plant B2,Coal,49,2025-09-12 15:08:33,2025-09-14 01:12:10,2025-09-14 21:23:44,2025-09-15 06:17:08,10.0,8.89
RAKE-20250457,Steel,Port C,Plant A2,Limestone,56,2026-01-24 13:51:58,2026-01-26 17:59:28,2026-01-27 08:06:15,2026-01-27 21:23:39,15.0,13.29
RAKE-20250458,Power,Port B,Plant B2,Coal,52,2026-01-19 20:52:35,2026-01-21 04:22:29,2026-01-21 23:34:02,2026-01-22 17:25:38,10.0,17.86
RAKE-20250459,Steel,Port C,Plant A3,Coal,58,2026-04-12 00:22:24,2026-04-13 02:43:57,2026-04-13 15:56:41,2026-04-14 17:27:17,10.0,25.51
RAKE-20250460,Steel,Port C,Plant A2,Iron Ore,50,2025-11-17 04:18:47,2025-11-20 07:37:18,2025-11-21 01:31:27,2025-11-21 10:21:15,10.0,8.83
RAKE-20250461,Steel,Port A,Plant A3,Coal,49,2026-04-01 14:30:15,2026-04-02 16:54:11,2026-04-03 09:41:09,2026-04-03 16:11:45,10.0,6.51
RAKE-20250462,Power,Port B,Plant B1,Coal,59,2026-01-28 00:23:17,2026-01-29 05:07:08,2026-01-29 18:27:06,2026-01-30 01:00:06,10.0,6.55
RAKE-20250463,Power,Port D,Plant B2,Coal,52,2025-12-25 04:25:37,2025-12-26 11:39:28,2025-12-27 05:19:08,2025-12-27 12:13:08,10.0,6.9
RAKE-20250464,Power,Port B,Plant B1,Coal,54,2026-07-20 13:08:44,2026-07-22 21:02:55,2026-07-23 13:19:31,2026-07-23 19:10:31,10.0,5.85
RAKE-20250465,Mining,Port C,Plant C2,Iron Ore,59,2026-02-25 16:30:11,2026-03-01 04:24:54,2026-03-02 00:39:18,2026-03-02 06:47:06,10.0,6.13
RAKE-20250466,Steel,Port C,Plant A2,Coal,49,2026-04-07 00:10:18,2026-04-09 04:58:50,2026-04-10 00:50:10,2026-04-10 15:53:10,10.0,15.05
RAKE-20250467,Steel,Port A,Plant A1,Limestone,48,2026-04-15 02:57:13,2026-04-18 13:37:03,2026-04-19 05:14:22,2026-04-19 14:52:46,15.0,9.64
RAKE-20250468,Mining,Port B,Plant C3,Iron Ore,57,2025-09-23 18:55:27,2025-09-26 01:33:04,2025-09-27 00:52:26,2025-09-27 09:44:38,10.0,8.87
RAKE-20250469,Steel,Port B,Plant A3,Limestone,57,2026-03-27 06:40:11,2026-03-29 07:45:42,2026-03-29 20:45:14,2026-03-31 00:57:14,15.0,28.2
RAKE-20250470,Mining,Port A,Plant C2,Bauxite,47,2025-09-23 13:42:35,2025-09-24 15:01:43,2025-09-25 11:18:24,2025-09-26 01:44:12,15.0,14.43
RAKE-20250471,Steel,Port A,Plant A2,Coal,52,2026-04-13 09:58:00,2026-04-15 20:09:28,2026-04-16 17:33:54,2026-04-16 23:19:30,10.0,5.76
RAKE-20250472,Mining,Port D,Plant C2,Bauxite,58,2026-05-08 16:13:01,2026-05-11 18:41:26,2026-05-12 14:44:56,2026-05-13 10:39:32,15.0,19.91
RAKE-20250473,Steel,Port A,Plant A1,Limestone,55,2026-07-27 12:53:40,2026-07-29 20:19:51,2026-07-30 13:38:45,2026-07-30 20:31:33,15.0,6.88
RAKE-20250474,Mining,Port B,Plant C1,Bauxite,58,2025-09-23 08:08:41,2025-09-25 18:17:40,2025-09-26 18:03:36,2025-09-27 16:37:12,15.0,22.56
RAKE-20250475,Power,Port A,Plant B3,Coal,48,2025-09-28 22:30:22,2025-09-30 01:14:44,2025-09-30 17:18:28,2025-10-01 13:08:16,10.0,19.83
RAKE-20250476,Mining,Port D,Plant C2,Bauxite,55,2025-10-24 14:22:30,2025-10-27 23:55:17,2025-10-28 22:23:27,2025-10-29 21:42:03,15.0,23.31
RAKE-20250477,Steel,Port A,Plant A2,Coal,59,2026-05-23 16:47:38,2026-05-24 18:12:51,2026-05-25 13:35:48,2026-05-26 19:13:00,10.0,29.62
RAKE-20250478,Power,Port B,Plant B1,Coal,50,2026-07-03 09:47:51,2026-07-06 15:07:43,2026-07-07 05:51:27,2026-07-07 11:22:39,10.0,5.52
RAKE-20250479,Mining,Port D,Plant C2,Iron Ore,59,2025-09-24 07:11:01,2025-09-25 11:37:50,2025-09-26 05:10:44,2025-09-26 11:16:08,10.0,6.09
RAKE-20250480,Power,Port D,Plant B1,Coal,47,2025-11-18 05:37:32,2025-11-19 09:19:44,2025-11-20 04:15:08,2025-11-20 12:59:32,10.0,8.74
RAKE-20250481,Power,Port A,Plant B2,Coal,57,2026-07-13 01:39:26,2026-07-15 12:01:24,2026-07-16 07:20:02,2026-07-16 15:53:02,10.0,8.55
RAKE-20250482,Power,Port D,Plant B3,Coal,50,2025-09-05 17:25:06,2025-09-07 03:15:30,2025-09-07 21:38:16,2025-09-08 05:13:04,10.0,7.58
RAKE-20250483,Power,Port B,Plant B2,Coal,50,2025-12-09 01:39:07,2025-12-10 08:44:58,2025-12-11 00:41:40,2025-12-11 06:39:52,10.0,5.97
RAKE-20250484,Power,Port B,Plant B2,Coal,57,2026-04-23 03:23:11,2026-04-26 11:07:02,2026-04-27 03:35:58,2026-04-27 20:55:46,10.0,17.33
RAKE-20250485,Power,Port A,Plant B3,Coal,58,2026-02-13 17:34:41,2026-02-15 00:43:26,2026-02-15 20:13:24,2026-02-16 04:28:24,10.0,8.25
RAKE-20250486,Mining,Port A,Plant C3,Iron Ore,49,2026-08-03 09:00:34,2026-08-06 12:46:06,2026-08-07 09:02:41,2026-08-07 18:27:17,10.0,9.41
RAKE-20250487,Steel,Port C,Plant A3,Coal,50,2026-02-27 21:10:10,2026-03-02 08:22:20,2026-03-03 01:52:17,2026-03-03 08:34:17,10.0,6.7
RAKE-20250488,Steel,Port B,Plant A3,Iron Ore,45,2026-06-20 16:35:43,2026-06-24 01:07:06,2026-06-24 22:39:21,2026-06-25 04:27:21,10.0,5.8
RAKE-20250489,Mining,Port B,Plant C3,Iron Ore,48,2026-06-19 05:17:22,2026-06-20 06:44:45,2026-06-20 22:07:26,2026-06-21 07:06:50,10.0,8.99
RAKE-20250490,Mining,Port C,Plant C2,Iron Ore,47,2025-10-10 11:51:23,2025-10-11 19:49:53,2025-10-12 19:38:50,2025-10-13 02:58:02,10.0,7.32
RAKE-20250491,Power,Port C,Plant B2,Coal,52,2026-04-28 10:29:02,2026-04-29 17:46:07,2026-04-30 17:12:22,2026-05-01 00:24:22,10.0,7.2
RAKE-20250492,Power,Port A,Plant B2,Coal,52,2025-12-23 22:54:32,2025-12-25 03:50:41,2025-12-26 03:08:39,2025-12-26 10:50:03,10.0,7.69
RAKE-20250493,Steel,Port C,Plant A3,Coal,58,2026-06-07 08:01:32,2026-06-10 18:05:50,2026-06-11 09:24:38,2026-06-12 13:45:02,10.0,28.34
RAKE-20250494,Steel,Port A,Plant A3,Limestone,53,2025-10-10 02:40:18,2025-10-13 11:34:28,2025-10-14 05:51:13,2025-10-15 01:42:49,15.0,19.86
RAKE-20250495,Power,Port C,Plant B3,Coal,59,2026-06-14 19:14:17,2026-06-17 23:51:40,2026-06-18 13:31:11,2026-06-18 21:50:23,10.0,8.32
RAKE-20250496,Steel,Port C,Plant A1,Coal,49,2025-09-13 14:17:43,2025-09-15 23:01:08,2025-09-16 17:10:39,2025-09-16 22:50:51,10.0,5.67
RAKE-20250497,Power,Port D,Plant B1,Coal,48,2026-01-15 16:52:25,2026-01-18 21:26:28,2026-01-19 18:02:06,2026-01-20 10:49:30,10.0,16.79
RAKE-20250498,Steel,Port A,Plant A2,Coal,52,2026-05-18 04:03:45,2026-05-19 13:53:34,2026-05-20 04:45:35,2026-05-21 07:55:47,10.0,27.17
RAKE-20250499,Mining,Port A,Plant C1,Bauxite,52,2026-07-09 05:27:05,2026-07-11 11:09:38,2026-07-12 09:43:25,2026-07-13 00:05:37,15.0,14.37
RAKE-20250500,Mining,Port A,Plant C1,Iron Ore,57,2026-08-05 07:39:13,2026-08-06 16:14:21,2026-08-07 12:23:25,2026-08-08 05:28:49,10.0,17.09
RAKE-20250501,Power,Port A,Plant B2,Coal,58,2026-06-13 22:22:21,2026-06-16 01:33:17,2026-06-17 01:05:40,2026-06-17 09:46:28,10.0,8.68
RAKE-20250502,Power,Port A,Plant B2,Coal,49,2026-01-25 23:18:39,2026-01-28 08:56:26,2026-01-28 23:09:53,2026-01-29 15:02:41,10.0,15.88
RAKE-20250503,Steel,Port D,Plant A2,Coal,48,2026-08-03 07:58:22,2026-08-04 11:36:49,2026-08-05 06:17:48,2026-08-05 22:29:12,10.0,16.19
RAKE-20250504,Mining,Port A,Plant C2,Iron Ore,58,2026-06-24 04:25:34,2026-06-27 09:15:35,2026-06-27 22:50:41,2026-06-28 05:48:53,10.0,6.97
RAKE-20250505,Power,Port A,Plant B3,Coal,58,2025-12-08 19:13:17,2025-12-11 02:42:54,2025-12-12 01:55:50,2025-12-12 15:09:02,10.0,13.22
RAKE-20250506,Steel,Port C,Plant A1,Limestone,45,2026-05-01 08:09:47,2026-05-04 11:39:32,2026-05-05 03:23:20,2026-05-05 10:23:56,15.0,7.01
RAKE-20250507,Mining,Port B,Plant C1,Bauxite,59,2026-02-21 08:24:28,2026-02-23 19:58:01,2026-02-24 16:06:34,2026-02-25 16:39:34,15.0,24.55
RAKE-20250508,Mining,Port C,Plant C1,Iron Ore,59,2026-03-04 18:48:12,2026-03-07 01:18:57,2026-03-07 21:33:33,2026-03-08 03:33:33,10.0,6.0
RAKE-20250509,Mining,Port A,Plant C3,Bauxite,56,2025-09-02 23:04:28,2025-09-06 03:41:53,2025-09-06 22:08:26,2025-09-08 02:27:38,15.0,28.32
RAKE-20250510,Power,Port B,Plant B3,Coal,50,2026-04-01 15:30:30,2026-04-03 21:28:26,2026-04-04 15:29:28,2026-04-04 21:30:04,10.0,6.01
RAKE-20250511,Power,Port A,Plant B3,Coal,50,2025-10-07 04:47:01,2025-10-10 10:46:43,2025-10-11 07:35:33,2025-10-11 14:06:45,10.0,6.52
RAKE-20250512,Steel,Port A,Plant A3,Coal,48,2025-12-31 04:06:34,2026-01-03 10:45:28,2026-01-04 00:25:40,2026-01-04 07:54:28,10.0,7.48
RAKE-20250513,Mining,Port D,Plant C2,Iron Ore,59,2025-12-20 19:06:49,2025-12-23 22:50:51,2025-12-24 14:29:50,2025-12-25 09:29:50,10.0,19.0
RAKE-20250514,Mining,Port A,Plant C3,Iron Ore,47,2025-12-04 18:29:08,2025-12-06 01:03:43,2025-12-06 21:18:38,2025-12-07 12:48:38,10.0,15.5
RAKE-20250515,Steel,Port B,Plant A3,Iron Ore,47,2025-12-14 09:37:28,2025-12-15 18:58:01,2025-12-16 09:39:57,2025-12-17 04:51:57,10.0,19.2
RAKE-20250516,Steel,Port B,Plant A2,Iron Ore,52,2025-09-09 14:44:40,2025-09-10 21:23:30,2025-09-11 19:17:43,2025-09-12 14:38:43,10.0,19.35
RAKE-20250517,Steel,Port B,Plant A2,Iron Ore,54,2026-02-16 20:22:34,2026-02-19 03:00:30,2026-02-19 21:35:40,2026-02-20 05:39:52,10.0,8.07
RAKE-20250518,Mining,Port D,Plant C2,Bauxite,49,2025-09-07 22:31:50,2025-09-09 02:26:49,2025-09-09 20:23:15,2025-09-10 07:54:27,15.0,11.52
RAKE-20250519,Mining,Port A,Plant C3,Bauxite,52,2026-02-26 12:21:42,2026-03-01 17:13:35,2026-03-02 08:24:18,2026-03-02 15:31:30,15.0,7.12
RAKE-20250520,Steel,Port C,Plant A2,Limestone,45,2026-06-18 03:51:37,2026-06-21 08:46:28,2026-06-21 23:46:23,2026-06-22 10:16:23,15.0,10.5
RAKE-20250521,Power,Port D,Plant B3,Coal,50,2025-09-28 16:42:14,2025-10-01 19:59:32,2025-10-02 12:02:41,2025-10-02 21:30:17,10.0,9.46
RAKE-20250522,Steel,Port C,Plant A3,Limestone,59,2026-01-18 08:09:53,2026-01-19 15:39:26,2026-01-20 12:00:02,2026-01-20 21:28:14,15.0,9.47
RAKE-20250523,Mining,Port D,Plant C3,Iron Ore,52,2025-09-22 22:39:05,2025-09-24 03:13:22,2025-09-24 19:58:39,2025-09-25 04:50:51,10.0,8.87
RAKE-20250524,Mining,Port A,Plant C3,Iron Ore,55,2025-09-29 22:08:18,2025-10-03 00:55:39,2025-10-03 23:10:47,2025-10-04 08:11:23,10.0,9.01
RAKE-20250525,Mining,Port B,Plant C1,Iron Ore,55,2025-09-19 01:54:20,2025-09-21 08:45:01,2025-09-22 06:25:02,2025-09-22 14:06:26,10.0,7.69
RAKE-20250526,Power,Port A,Plant B2,Coal,56,2026-07-12 13:56:02,2026-07-14 21:08:21,2026-07-15 16:59:11,2026-07-15 23:15:23,10.0,6.27
RAKE-20250527,Steel,Port C,Plant A3,Coal,57,2026-03-28 11:12:54,2026-03-30 12:43:56,2026-03-31 11:16:54,2026-04-01 01:57:42,10.0,14.68
RAKE-20250528,Steel,Port D,Plant A3,Iron Ore,54,2026-05-18 04:19:43,2026-05-20 08:28:43,2026-05-21 05:38:58,2026-05-21 22:12:34,10.0,16.56
RAKE-20250529,Steel,Port A,Plant A2,Iron Ore,48,2025-12-16 09:04:00,2025-12-17 13:30:00,2025-12-18 01:39:04,2025-12-18 15:52:52,10.0,14.23
RAKE-20250530,Mining,Port C,Plant C2,Iron Ore,45,2025-10-28 07:10:58,2025-10-29 08:50:06,2025-10-30 00:29:56,2025-10-30 06:47:56,10.0,6.3
RAKE-20250531,Mining,Port A,Plant C1,Bauxite,47,2025-09-04 03:17:02,2025-09-06 10:41:48,2025-09-07 03:31:00,2025-09-07 10:17:12,15.0,6.77
RAKE-20250532,Mining,Port C,Plant C2,Bauxite,49,2025-09-22 16:28:26,2025-09-25 21:22:14,2025-09-26 17:18:38,2025-09-28 02:16:50,15.0,32.97
RAKE-20250533,Mining,Port B,Plant C2,Bauxite,57,2025-10-24 23:01:33,2025-10-27 01:10:31,2025-10-27 16:01:31,2025-10-28 03:47:43,15.0,11.77
RAKE-20250534,Power,Port D,Plant B3,Coal,58,2026-05-17 02:13:05,2026-05-18 08:09:07,2026-05-19 03:40:01,2026-05-19 09:20:49,10.0,5.68
RAKE-20250535,Power,Port C,Plant B2,Coal,55,2026-06-25 08:40:45,2026-06-26 13:26:16,2026-06-27 09:38:32,2026-06-27 15:25:56,10.0,5.79
RAKE-20250536,Mining,Port B,Plant C1,Iron Ore,45,2026-05-17 07:03:32,2026-05-18 13:41:34,2026-05-19 06:00:52,2026-05-19 13:20:40,10.0,7.33
RAKE-20250537,Mining,Port A,Plant C2,Bauxite,52,2026-04-03 09:54:58,2026-04-06 20:35:55,2026-04-07 11:57:29,2026-04-07 18:58:41,15.0,7.02
RAKE-20250538,Steel,Port A,Plant A1,Coal,59,2026-05-30 04:12:27,2026-06-02 05:16:10,2026-06-02 19:30:19,2026-06-03 01:38:43,10.0,6.14
RAKE-20250539,Power,Port A,Plant B1,Coal,52,2025-11-01 18:09:46,2025-11-04 00:16:12,2025-11-04 18:12:49,2025-11-05 00:53:37,10.0,6.68
RAKE-20250540,Steel,Port A,Plant A2,Limestone,51,2026-08-10 03:10:02,2026-08-11 08:19:30,2026-08-12 01:53:20,2026-08-12 12:55:44,15.0,11.04
RAKE-20250541,Mining,Port D,Plant C3,Iron Ore,46,2026-08-12 05:05:54,2026-08-14 13:46:43,2026-08-15 09:15:50,2026-08-15 17:06:50,10.0,7.85
RAKE-20250542,Power,Port C,Plant B3,Coal,48,2026-01-21 16:26:21,2026-01-25 03:46:10,2026-01-25 23:49:49,2026-01-26 20:31:49,10.0,20.7
RAKE-20250543,Steel,Port B,Plant A1,Coal,56,2026-01-08 09:25:50,2026-01-10 20:41:54,2026-01-11 13:03:21,2026-01-11 22:28:33,10.0,9.42
RAKE-20250544,Power,Port A,Plant B3,Coal,55,2026-06-06 20:15:43,2026-06-09 22:01:24,2026-06-10 12:32:53,2026-06-10 19:48:29,10.0,7.26
RAKE-20250545,Power,Port D,Plant B3,Coal,51,2026-01-21 05:37:44,2026-01-23 11:48:06,2026-01-24 11:15:18,2026-01-25 01:52:30,10.0,14.62
RAKE-20250546,Steel,Port C,Plant A3,Iron Ore,47,2025-11-30 01:32:46,2025-12-02 08:07:29,2025-12-03 05:33:37,2025-12-03 12:18:01,10.0,6.74
RAKE-20250547,Steel,Port A,Plant A2,Limestone,48,2026-01-15 19:46:34,2026-01-17 01:36:27,2026-01-17 23:43:35,2026-01-18 11:26:47,15.0,11.72
RAKE-20250548,Power,Port C,Plant B1,Coal,55,2025-11-14 23:29:46,2025-11-17 04:12:21,2025-11-18 00:49:16,2025-11-18 09:48:40,10.0,8.99
RAKE-20250549,Power,Port B,Plant B1,Coal,58,2026-03-17 06:41:29,2026-03-18 09:22:44,2026-03-19 02:25:57,2026-03-19 08:48:45,10.0,6.38
RAKE-20250550,Power,Port A,Plant B3,Coal,50,2026-02-08 18:09:06,2026-02-10 23:31:03,2026-02-11 14:40:21,2026-02-11 23:14:33,10.0,8.57
RAKE-20250551,Power,Port B,Plant B2,Coal,58,2026-01-22 11:29:54,2026-01-25 21:09:57,2026-01-26 11:53:59,2026-01-27 05:19:47,10.0,17.43
RAKE-20250552,Mining,Port B,Plant C3,Bauxite,53,2025-11-14 15:20:14,2025-11-15 21:28:49,2025-11-16 14:19:51,2025-11-17 03:09:03,15.0,12.82
RAKE-20250553,Power,Port A,Plant B3,Coal,55,2025-12-14 17:32:13,2025-12-17 23:11:27,2025-12-18 14:32:09,2025-12-18 23:26:09,10.0,8.9
RAKE-20250554,Power,Port D,Plant B3,Coal,53,2026-04-04 03:56:02,2026-04-07 15:52:26,2026-04-08 15:21:10,2026-04-08 22:24:10,10.0,7.05
RAKE-20250555,Mining,Port D,Plant C1,Iron Ore,59,2026-06-17 04:06:50,2026-06-19 09:55:46,2026-06-19 22:11:20,2026-06-20 07:20:20,10.0,9.15
RAKE-20250556,Steel,Port C,Plant A1,Coal,46,2026-06-10 04:06:25,2026-06-13 08:36:16,2026-06-14 02:59:17,2026-06-14 09:59:53,10.0,7.01
RAKE-20250557,Steel,Port B,Plant A1,Coal,54,2026-07-23 15:26:15,2026-07-27 01:25:38,2026-07-27 20:09:01,2026-07-28 05:20:25,10.0,9.19
RAKE-20250558,Steel,Port B,Plant A2,Limestone,47,2025-09-18 07:35:49,2025-09-20 17:12:22,2025-09-21 10:40:12,2025-09-21 18:55:12,15.0,8.25
RAKE-20250559,Power,Port C,Plant B1,Coal,47,2026-03-29 16:43:37,2026-04-01 00:11:10,2026-04-01 17:54:14,2026-04-02 00:02:38,10.0,6.14
RAKE-20250560,Power,Port B,Plant B3,Coal,51,2025-09-09 08:29:36,2025-09-11 12:38:02,2025-09-12 04:12:38,2025-09-12 10:00:38,10.0,5.8
RAKE-20250561,Power,Port A,Plant B3,Coal,45,2026-01-21 10:02:21,2026-01-22 13:18:54,2026-01-23 12:07:05,2026-01-23 21:29:17,10.0,9.37
RAKE-20250562,Steel,Port B,Plant A3,Limestone,45,2026-05-17 09:29:32,2026-05-18 16:00:58,2026-05-19 15:36:22,2026-05-20 15:04:34,15.0,23.47
RAKE-20250563,Steel,Port D,Plant A1,Coal,54,2026-04-22 13:34:09,2026-04-24 19:51:25,2026-04-25 13:50:35,2026-04-25 19:54:11,10.0,6.06
RAKE-20250564,Steel,Port B,Plant A1,Limestone,48,2025-10-19 05:58:18,2025-10-20 09:50:19,2025-10-20 23:47:37,2025-10-21 10:57:13,15.0,11.16
RAKE-20250565,Steel,Port A,Plant A1,Coal,50,2026-07-01 10:18:05,2026-07-02 19:30:36,2026-07-03 14:45:56,2026-07-03 22:05:44,10.0,7.33
RAKE-20250566,Power,Port C,Plant B3,Coal,55,2025-09-04 09:29:55,2025-09-07 18:01:23,2025-09-08 09:12:27,2025-09-09 04:23:15,10.0,19.18
RAKE-20250567,Steel,Port A,Plant A2,Coal,58,2026-01-03 08:48:10,2026-01-06 18:22:41,2026-01-07 13:16:50,2026-01-07 18:55:14,10.0,5.64
RAKE-20250568,Steel,Port A,Plant A2,Limestone,54,2026-08-05 03:15:10,2026-08-06 14:55:55,2026-08-07 14:18:06,2026-08-07 20:25:54,15.0,6.13
RAKE-20250569,Mining,Port A,Plant C2,Bauxite,55,2025-12-06 14:28:07,2025-12-07 19:11:44,2025-12-08 09:18:11,2025-12-09 03:36:47,15.0,18.31
RAKE-20250570,Steel,Port B,Plant A3,Limestone,51,2026-01-23 06:27:30,2026-01-24 17:25:28,2026-01-25 05:55:10,2026-01-26 06:17:58,15.0,24.38
RAKE-20250571,Power,Port C,Plant B1,Coal,53,2025-11-16 11:57:16,2025-11-17 13:49:17,2025-11-18 10:58:38,2025-11-18 19:32:50,10.0,8.57
RAKE-20250572,Power,Port B,Plant B2,Coal,57,2026-08-03 13:36:23,2026-08-07 00:50:24,2026-08-07 22:15:31,2026-08-08 06:36:31,10.0,8.35
RAKE-20250573,Steel,Port A,Plant A2,Coal,58,2025-12-02 21:42:30,2025-12-05 04:34:40,2025-12-05 17:56:06,2025-12-06 15:22:30,10.0,21.44
RAKE-20250574,Power,Port D,Plant B2,Coal,46,2026-05-10 10:01:18,2026-05-13 16:32:26,2026-05-14 07:50:13,2026-05-15 10:59:49,10.0,27.16
RAKE-20250575,Mining,Port D,Plant C3,Iron Ore,57,2026-02-26 14:15:25,2026-02-28 21:34:49,2026-03-01 14:21:23,2026-03-02 08:36:23,10.0,18.25
RAKE-20250576,Mining,Port D,Plant C1,Iron Ore,46,2026-08-25 11:59:44,2026-08-27 14:42:13,2026-08-28 12:10:28,2026-08-28 21:15:16,10.0,9.08
RAKE-20250577,Steel,Port A,Plant A1,Coal,47,2026-05-04 18:35:12,2026-05-06 04:54:52,2026-05-06 21:19:35,2026-05-07 04:27:23,10.0,7.13
RAKE-20250578,Mining,Port B,Plant C3,Bauxite,46,2026-05-24 17:28:43,2026-05-27 23:46:26,2026-05-28 12:42:58,2026-05-29 02:21:22,15.0,13.64
RAKE-20250579,Power,Port D,Plant B3,Coal,57,2026-03-22 02:02:00,2026-03-24 10:39:21,2026-03-24 22:42:58,2026-03-25 20:12:58,10.0,21.5
RAKE-20250580,Steel,Port C,Plant A2,Iron Ore,52,2025-11-14 13:55:47,2025-11-16 17:14:18,2025-11-17 12:25:39,2025-11-17 19:04:39,10.0,6.65
RAKE-20250581,Power,Port A,Plant B1,Coal,51,2026-03-20 03:15:23,2026-03-22 10:26:45,2026-03-23 10:01:06,2026-03-23 17:00:30,10.0,6.99
RAKE-20250582,Mining,Port A,Plant C3,Iron Ore,57,2025-12-17 05:17:44,2025-12-19 17:11:29,2025-12-20 14:48:45,2025-12-21 09:26:33,10.0,18.63
RAKE-20250583,Power,Port B,Plant B2,Coal,48,2026-06-27 04:07:37,2026-06-28 09:13:48,2026-06-28 23:00:56,2026-06-29 07:23:08,10.0,8.37
RAKE-20250584,Steel,Port D,Plant A1,Coal,53,2026-04-16 13:02:18,2026-04-20 00:01:43,2026-04-20 13:11:31,2026-04-21 19:08:31,10.0,29.95
RAKE-20250585,Power,Port B,Plant B3,Coal,58,2025-11-16 08:36:00,2025-11-18 12:57:03,2025-11-19 07:28:11,2025-11-19 16:43:11,10.0,9.25
RAKE-20250586,Steel,Port B,Plant A1,Iron Ore,57,2026-04-22 15:19:40,2026-04-25 19:45:09,2026-04-26 14:33:57,2026-04-26 21:00:21,10.0,6.44
RAKE-20250587,Steel,Port A,Plant A3,Coal,51,2026-04-12 05:49:16,2026-04-13 14:16:09,2026-04-14 04:39:22,2026-04-14 11:41:46,10.0,7.04
RAKE-20250588,Steel,Port C,Plant A1,Limestone,52,2026-02-06 22:40:06,2026-02-09 05:30:04,2026-02-09 21:44:39,2026-02-10 21:17:39,15.0,23.55
RAKE-20250589,Steel,Port D,Plant A2,Limestone,54,2026-08-19 17:12:01,2026-08-22 23:31:37,2026-08-23 18:07:37,2026-08-24 06:50:13,15.0,12.71
RAKE-20250590,Steel,Port B,Plant A2,Iron Ore,57,2025-12-31 18:56:53,2026-01-04 06:28:30,2026-01-04 19:12:01,2026-01-05 01:24:37,10.0,6.21
RAKE-20250591,Steel,Port C,Plant A1,Limestone,48,2026-04-10 21:25:49,2026-04-14 01:51:44,2026-04-15 00:46:48,2026-04-15 23:10:48,15.0,22.4
RAKE-20250592,Power,Port D,Plant B3,Coal,50,2025-09-13 19:29:43,2025-09-15 02:54:47,2025-09-16 02:17:15,2025-09-16 09:05:15,10.0,6.8
RAKE-20250593,Steel,Port A,Plant A3,Iron Ore,50,2026-08-08 04:41:54,2026-08-11 09:48:31,2026-08-12 01:48:12,2026-08-12 10:44:00,10.0,8.93
RAKE-20250594,Steel,Port B,Plant A1,Coal,55,2026-04-21 12:34:00,2026-04-22 23:18:48,2026-04-23 20:03:42,2026-04-24 05:01:18,10.0,8.96
RAKE-20250595,Mining,Port A,Plant C2,Bauxite,46,2025-11-26 13:00:45,2025-11-28 20:39:27,2025-11-29 17:38:54,2025-11-29 23:16:42,15.0,5.63
RAKE-20250596,Power,Port C,Plant B3,Coal,52,2026-05-12 02:37:22,2026-05-15 05:50:53,2026-05-15 21:05:27,2026-05-16 02:38:27,10.0,5.55
RAKE-20250597,Power,Port C,Plant B1,Coal,45,2026-08-12 13:49:42,2026-08-13 18:02:06,2026-08-14 12:47:15,2026-08-14 20:45:27,10.0,7.97
RAKE-20250598,Steel,Port C,Plant A2,Iron Ore,45,2026-06-03 16:00:30,2026-06-04 17:01:08,2026-06-05 14:06:17,2026-06-05 20:30:17,10.0,6.4
RAKE-20250599,Steel,Port C,Plant A1,Iron Ore,48,2025-10-20 14:49:19,2025-10-23 00:20:56,2025-10-23 18:40:13,2025-10-24 02:01:49,10.0,7.36
RAKE-20250600,Steel,Port B,Plant A1,Iron Ore,53,2026-05-12 10:31:41,2026-05-14 21:10:45,2026-05-15 18:05:38,2026-05-16 00:05:02,10.0,5.99
RAKE-20250601,Steel,Port D,Plant A3,Limestone,51,2025-12-20 06:45:24,2025-12-23 13:30:40,2025-12-24 09:06:27,2025-12-24 21:52:39,15.0,12.77
RAKE-20250602,Steel,Port B,Plant A3,Limestone,59,2026-04-25 13:30:41,2026-04-27 19:05:19,2026-04-28 07:17:29,2026-04-28 18:05:29,15.0,10.8
RAKE-20250603,Steel,Port A,Plant A1,Coal,48,2025-10-29 11:11:55,2025-10-30 22:57:46,2025-10-31 22:32:53,2025-11-01 04:57:29,10.0,6.41
RAKE-20250604,Steel,Port C,Plant A3,Coal,59,2026-08-17 13:06:47,2026-08-18 18:36:04,2026-08-19 09:08:11,2026-08-19 15:35:47,10.0,6.46
RAKE-20250605,Steel,Port C,Plant A2,Limestone,48,2026-02-15 00:42:16,2026-02-17 09:27:11,2026-02-18 03:21:31,2026-02-18 14:56:19,15.0,11.58
RAKE-20250606,Power,Port B,Plant B2,Coal,46,2025-10-05 15:19:33,2025-10-09 03:13:12,2025-10-09 23:24:58,2025-10-10 05:19:34,10.0,5.91
RAKE-20250607,Steel,Port D,Plant A2,Limestone,59,2025-09-07 05:19:03,2025-09-10 08:31:33,2025-09-10 21:49:00,2025-09-11 17:20:12,15.0,19.52
RAKE-20250608,Steel,Port D,Plant A3,Iron Ore,48,2026-05-03 09:01:50,2026-05-06 10:22:52,2026-05-07 04:00:46,2026-05-07 12:00:46,10.0,8.0
RAKE-20250609,Power,Port A,Plant B3,Coal,49,2026-06-10 17:03:28,2026-06-12 03:21:13,2026-06-12 21:07:00,2026-06-13 21:29:12,10.0,24.37
RAKE-20250610,Power,Port D,Plant B3,Coal,59,2026-03-14 04:55:16,2026-03-16 08:28:15,2026-03-17 07:17:15,2026-03-18 02:44:15,10.0,19.45
RAKE-20250611,Steel,Port A,Plant A1,Limestone,48,2026-03-06 19:16:39,2026-03-08 00:52:50,2026-03-08 17:00:55,2026-03-09 05:57:55,15.0,12.95
RAKE-20250612,Power,Port A,Plant B2,Coal,53,2025-11-27 10:44:17,2025-11-28 17:42:06,2025-11-29 13:58:38,2025-11-29 20:02:14,10.0,6.06
RAKE-20250613,Power,Port A,Plant B3,Coal,52,2026-03-14 03:07:14,2026-03-16 11:09:40,2026-03-17 05:05:55,2026-03-17 12:23:19,10.0,7.29
RAKE-20250614,Steel,Port D,Plant A3,Limestone,48,2025-09-09 06:59:53,2025-09-11 17:46:24,2025-09-12 08:29:46,2025-09-13 11:20:10,15.0,26.84
RAKE-20250615,Mining,Port C,Plant C3,Iron Ore,49,2026-05-17 12:46:32,2026-05-20 17:18:42,2026-05-21 07:13:38,2026-05-21 15:23:50,10.0,8.17
RAKE-20250616,Mining,Port A,Plant C1,Iron Ore,55,2026-03-02 16:44:04,2026-03-05 19:02:23,2026-03-06 13:53:03,2026-03-06 22:17:39,10.0,8.41
RAKE-20250617,Steel,Port B,Plant A1,Coal,51,2026-05-13 05:11:39,2026-05-15 14:10:13,2026-05-16 13:45:02,2026-05-16 21:15:38,10.0,7.51
RAKE-20250618,Steel,Port C,Plant A1,Coal,49,2025-11-09 23:55:28,2025-11-11 04:33:40,2025-11-12 02:53:14,2025-11-12 23:27:26,10.0,20.57
RAKE-20250619,Mining,Port A,Plant C3,Bauxite,50,2026-01-29 21:11:40,2026-02-02 04:12:05,2026-02-02 18:46:10,2026-02-03 17:26:58,15.0,22.68
RAKE-20250620,Power,Port D,Plant B3,Coal,48,2026-05-29 02:48:43,2026-05-30 04:01:51,2026-05-31 00:25:09,2026-05-31 07:57:33,10.0,7.54
RAKE-20250621,Steel,Port D,Plant A1,Iron Ore,56,2026-04-01 02:51:52,2026-04-04 06:12:29,2026-04-04 21:27:39,2026-04-05 06:42:03,10.0,9.24
RAKE-20250622,Steel,Port B,Plant A1,Limestone,45,2026-08-11 10:56:30,2026-08-13 15:21:12,2026-08-14 08:46:09,2026-08-14 22:36:33,15.0,13.84
RAKE-20250623,Steel,Port D,Plant A3,Coal,47,2026-02-21 11:35:28,2026-02-23 19:13:56,2026-02-24 16:50:13,2026-02-24 22:41:13,10.0,5.85
RAKE-20250624,Power,Port B,Plant B2,Coal,54,2025-10-10 08:14:48,2025-10-11 11:03:03,2025-10-12 10:31:02,2025-10-13 15:23:50,10.0,28.88
RAKE-20250625,Power,Port D,Plant B2,Coal,50,2026-03-28 01:47:02,2026-03-29 13:32:42,2026-03-30 12:02:03,2026-03-30 20:09:51,10.0,8.13
RAKE-20250626,Steel,Port C,Plant A2,Coal,51,2026-01-11 13:10:35,2026-01-12 22:08:34,2026-01-13 21:02:21,2026-01-14 05:45:33,10.0,8.72
RAKE-20250627,Power,Port C,Plant B3,Coal,59,2026-07-26 18:10:16,2026-07-28 02:58:23,2026-07-28 21:21:30,2026-07-29 04:31:42,10.0,7.17
RAKE-20250628,Power,Port A,Plant B2,Coal,52,2026-03-19 06:22:39,2026-03-21 12:01:30,2026-03-22 09:27:49,2026-03-23 11:02:37,10.0,25.58
RAKE-20250629,Steel,Port D,Plant A3,Coal,54,2025-12-15 00:30:23,2025-12-16 02:29:07,2025-12-16 22:48:48,2025-12-17 14:24:48,10.0,15.6
RAKE-20250630,Steel,Port B,Plant A3,Limestone,53,2026-07-07 07:03:45,2026-07-09 18:42:59,2026-07-10 12:10:55,2026-07-10 21:25:55,15.0,9.25
RAKE-20250631,Power,Port A,Plant B1,Coal,46,2026-02-25 15:48:26,2026-02-27 00:23:19,2026-02-27 13:40:16,2026-02-28 04:15:40,10.0,14.59
RAKE-20250632,Mining,Port A,Plant C1,Iron Ore,53,2025-10-07 17:45:07,2025-10-10 01:20:44,2025-10-10 14:02:11,2025-10-10 22:40:35,10.0,8.64
RAKE-20250633,Power,Port C,Plant B3,Coal,52,2026-01-03 22:43:59,2026-01-05 03:44:54,2026-01-06 02:36:07,2026-01-06 09:25:19,10.0,6.82
RAKE-20250634,Power,Port B,Plant B1,Coal,59,2025-11-04 17:09:41,2025-11-07 02:54:41,2025-11-07 15:30:25,2025-11-08 00:59:49,10.0,9.49
RAKE-20250635,Steel,Port C,Plant A3,Coal,50,2025-10-18 21:34:32,2025-10-22 08:19:32,2025-10-23 02:49:33,2025-10-23 11:53:45,10.0,9.07
RAKE-20250636,Steel,Port D,Plant A2,Iron Ore,52,2026-01-23 09:24:33,2026-01-24 21:04:15,2026-01-25 16:22:30,2026-01-26 01:15:54,10.0,8.89
RAKE-20250637,Power,Port A,Plant B3,Coal,55,2026-03-24 11:06:40,2026-03-27 21:37:34,2026-03-28 16:22:51,2026-03-29 10:19:51,10.0,17.95
RAKE-20250638,Steel,Port C,Plant A1,Iron Ore,45,2026-05-10 06:51:27,2026-05-13 14:55:40,2026-05-14 09:21:48,2026-05-14 18:36:48,10.0,9.25
RAKE-20250639,Steel,Port A,Plant A3,Coal,47,2026-06-30 20:55:38,2026-07-04 07:14:36,2026-07-04 23:45:36,2026-07-05 06:34:12,10.0,6.81
RAKE-20250640,Steel,Port D,Plant A3,Iron Ore,53,2026-05-23 10:02:09,2026-05-25 16:03:04,2026-05-26 08:11:03,2026-05-26 17:38:39,10.0,9.46
RAKE-20250641,Steel,Port D,Plant A2,Coal,55,2026-05-17 04:06:56,2026-05-19 10:21:05,2026-05-20 10:16:36,2026-05-20 19:40:00,10.0,9.39
RAKE-20250642,Steel,Port B,Plant A2,Limestone,47,2026-02-13 12:55:33,2026-02-14 20:19:22,2026-02-15 10:20:29,2026-02-16 10:39:41,15.0,24.32
RAKE-20250643,Steel,Port C,Plant A3,Iron Ore,49,2025-10-29 13:40:57,2025-11-01 16:39:10,2025-11-02 05:53:31,2025-11-02 15:17:31,10.0,9.4
RAKE-20250644,Steel,Port B,Plant A3,Coal,58,2025-10-19 06:43:39,2025-10-22 17:44:29,2025-10-23 09:39:44,2025-10-23 18:34:20,10.0,8.91
RAKE-20250645,Steel,Port B,Plant A3,Limestone,48,2026-01-28 08:53:08,2026-01-29 19:13:18,2026-01-30 07:20:29,2026-01-31 06:34:17,15.0,23.23
RAKE-20250646,Mining,Port D,Plant C2,Iron Ore,54,2026-06-15 09:21:58,2026-06-18 17:05:59,2026-06-19 07:05:54,2026-06-19 13:09:30,10.0,6.06
RAKE-20250647,Power,Port B,Plant B2,Coal,57,2025-11-17 13:01:21,2025-11-18 17:31:15,2025-11-19 15:04:35,2025-11-19 22:59:11,10.0,7.91
RAKE-20250648,Power,Port B,Plant B1,Coal,53,2025-12-01 21:49:00,2025-12-03 02:24:48,2025-12-03 19:43:24,2025-12-04 03:47:00,10.0,8.06
RAKE-20250649,Power,Port B,Plant B3,Coal,45,2026-05-26 00:04:37,2026-05-29 08:32:42,2026-05-30 07:01:40,2026-05-30 15:00:28,10.0,7.98
RAKE-20250650,Power,Port D,Plant B3,Coal,49,2025-09-27 10:01:01,2025-09-28 11:29:29,2025-09-29 06:22:44,2025-09-30 04:31:08,10.0,22.14
RAKE-20250651,Steel,Port B,Plant A3,Coal,48,2025-09-03 01:29:45,2025-09-06 07:45:55,2025-09-06 21:01:12,2025-09-07 23:57:36,10.0,26.94
RAKE-20250652,Power,Port A,Plant B3,Coal,48,2026-04-26 18:14:38,2026-04-27 22:30:20,2026-04-28 12:25:01,2026-04-28 19:09:25,10.0,6.74
RAKE-20250653,Power,Port C,Plant B3,Coal,58,2026-05-29 11:36:54,2026-06-01 20:25:31,2026-06-02 08:39:56,2026-06-03 03:55:32,10.0,19.26
RAKE-20250654,Power,Port D,Plant B3,Coal,46,2025-11-23 05:13:24,2025-11-24 11:59:47,2025-11-25 06:31:25,2025-11-25 15:51:13,10.0,9.33
RAKE-20250655,Steel,Port A,Plant A1,Coal,46,2025-11-21 05:09:58,2025-11-24 16:54:27,2025-11-25 15:43:46,2025-11-25 23:04:10,10.0,7.34
RAKE-20250656,Steel,Port A,Plant A2,Limestone,45,2026-05-03 11:45:34,2026-05-04 16:17:26,2026-05-05 06:59:24,2026-05-05 20:32:24,15.0,13.55
RAKE-20250657,Steel,Port A,Plant A3,Limestone,58,2025-12-02 06:30:59,2025-12-05 11:11:54,2025-12-06 01:24:17,2025-12-06 12:32:05,15.0,11.13
RAKE-20250658,Steel,Port B,Plant A2,Coal,48,2025-12-31 02:33:13,2026-01-02 08:08:40,2026-01-03 07:41:56,2026-01-03 14:02:20,10.0,6.34
RAKE-20250659,Power,Port B,Plant B2,Coal,59,2025-12-03 04:44:43,2025-12-04 10:01:49,2025-12-05 04:09:57,2025-12-05 12:19:33,10.0,8.16
RAKE-20250660,Power,Port C,Plant B2,Coal,53,2026-03-26 07:30:30,2026-03-29 15:41:53,2026-03-30 13:45:21,2026-03-31 03:18:57,10.0,13.56
RAKE-20250661,Steel,Port C,Plant A2,Coal,56,2025-11-19 12:15:36,2025-11-20 18:08:36,2025-11-21 15:12:16,2025-11-21 22:55:28,10.0,7.72
RAKE-20250662,Mining,Port C,Plant C1,Iron Ore,59,2025-12-02 18:31:45,2025-12-04 20:20:42,2025-12-05 19:02:33,2025-12-06 02:13:21,10.0,7.18
RAKE-20250663,Power,Port B,Plant B3,Coal,53,2026-06-26 12:15:40,2026-06-29 18:43:31,2026-06-30 13:55:31,2026-06-30 22:08:43,10.0,8.22
RAKE-20250664,Steel,Port D,Plant A3,Coal,52,2025-09-19 02:43:36,2025-09-21 11:33:36,2025-09-22 04:37:56,2025-09-22 12:23:32,10.0,7.76
RAKE-20250665,Steel,Port B,Plant A3,Coal,52,2025-12-03 00:05:42,2025-12-04 03:05:30,2025-12-04 15:15:34,2025-12-04 22:24:34,10.0,7.15
RAKE-20250666,Steel,Port D,Plant A3,Limestone,59,2026-02-20 05:57:23,2026-02-23 08:31:49,2026-02-24 07:37:33,2026-02-24 14:48:57,15.0,7.19
RAKE-20250667,Steel,Port C,Plant A2,Coal,58,2026-08-24 02:50:52,2026-08-26 14:21:14,2026-08-27 04:40:12,2026-08-28 07:52:12,10.0,27.2
RAKE-20250668,Steel,Port A,Plant A3,Iron Ore,49,2025-10-19 03:13:13,2025-10-21 04:46:05,2025-10-21 19:55:56,2025-10-22 01:33:44,10.0,5.63
RAKE-20250669,Steel,Port C,Plant A2,Coal,49,2025-10-05 10:32:51,2025-10-08 14:42:25,2025-10-09 13:59:21,2025-10-09 20:47:57,10.0,6.81
RAKE-20250670,Steel,Port B,Plant A2,Iron Ore,54,2026-03-28 14:30:01,2026-03-30 22:58:00,2026-03-31 13:44:23,2026-03-31 20:38:59,10.0,6.91
RAKE-20250671,Steel,Port C,Plant A1,Coal,54,2026-02-12 05:37:45,2026-02-15 10:38:06,2026-02-16 08:51:48,2026-02-16 15:56:36,10.0,7.08
RAKE-20250672,Mining,Port A,Plant C3,Bauxite,46,2026-02-23 07:44:37,2026-02-24 13:04:38,2026-02-25 08:24:47,2026-02-25 15:48:11,15.0,7.39
RAKE-20250673,Steel,Port A,Plant A1,Coal,52,2026-06-27 15:31:51,2026-06-28 16:41:59,2026-06-29 09:49:02,2026-06-30 10:40:02,10.0,24.85
RAKE-20250674,Power,Port D,Plant B2,Coal,54,2025-09-12 06:56:51,2025-09-15 11:40:39,2025-09-16 08:11:46,2025-09-16 14:50:10,10.0,6.64
RAKE-20250675,Steel,Port A,Plant A1,Iron Ore,53,2026-04-16 15:27:02,2026-04-18 02:52:55,2026-04-18 17:34:47,2026-04-18 23:59:23,10.0,6.41
RAKE-20250676,Mining,Port D,Plant C1,Iron Ore,50,2025-12-07 20:10:48,2025-12-09 05:25:05,2025-12-10 02:56:53,2025-12-10 08:27:29,10.0,5.51
RAKE-20250677,Steel,Port A,Plant A2,Coal,59,2026-01-09 12:15:18,2026-01-11 15:40:30,2026-01-12 03:46:50,2026-01-12 11:12:38,10.0,7.43
RAKE-20250678,Steel,Port C,Plant A1,Coal,50,2026-05-14 06:14:35,2026-05-16 10:59:34,2026-05-17 03:53:40,2026-05-17 11:07:28,10.0,7.23
RAKE-20250679,Mining,Port C,Plant C3,Iron Ore,58,2026-03-10 03:42:44,2026-03-13 15:33:42,2026-03-14 04:37:28,2026-03-15 00:34:28,10.0,19.95
RAKE-20250680,Mining,Port B,Plant C3,Iron Ore,50,2026-01-07 13:02:08,2026-01-08 21:47:50,2026-01-09 16:43:32,2026-01-10 01:20:08,10.0,8.61
RAKE-20250681,Mining,Port B,Plant C3,Bauxite,57,2025-10-19 21:22:06,2025-10-22 07:21:04,2025-10-23 03:12:48,2025-10-24 02:15:48,15.0,23.05
RAKE-20250682,Steel,Port A,Plant A1,Iron Ore,55,2025-11-11 22:20:28,2025-11-13 02:09:03,2025-11-13 20:13:52,2025-11-14 02:09:40,10.0,5.93
RAKE-20250683,Steel,Port A,Plant A2,Iron Ore,59,2025-09-15 05:14:11,2025-09-17 11:59:10,2025-09-18 06:35:11,2025-09-19 00:33:59,10.0,17.98
RAKE-20250684,Power,Port B,Plant B2,Coal,48,2026-08-20 03:49:41,2026-08-21 08:57:10,2026-08-22 04:27:47,2026-08-22 12:40:23,10.0,8.21
RAKE-20250685,Mining,Port C,Plant C1,Iron Ore,57,2026-06-21 15:28:42,2026-06-23 21:32:32,2026-06-24 10:56:04,2026-06-24 19:15:52,10.0,8.33
RAKE-20250686,Power,Port D,Plant B1,Coal,54,2026-05-30 18:21:03,2026-06-01 20:04:31,2026-06-02 15:32:28,2026-06-03 00:55:16,10.0,9.38
RAKE-20250687,Power,Port D,Plant B1,Coal,51,2026-02-10 10:08:02,2026-02-12 21:42:57,2026-02-13 10:41:35,2026-02-14 15:50:35,10.0,29.15
RAKE-20250688,Steel,Port C,Plant A2,Iron Ore,47,2026-05-09 02:07:07,2026-05-10 12:07:49,2026-05-11 01:05:20,2026-05-11 08:59:20,10.0,7.9
RAKE-20250689,Power,Port C,Plant B1,Coal,57,2026-04-09 13:00:09,2026-04-10 19:26:36,2026-04-11 09:01:38,2026-04-11 17:52:02,10.0,8.84
RAKE-20250690,Steel,Port C,Plant A3,Iron Ore,47,2026-04-25 19:54:50,2026-04-26 22:40:41,2026-04-27 18:26:57,2026-04-28 02:18:33,10.0,7.86
RAKE-20250691,Steel,Port A,Plant A1,Iron Ore,57,2025-11-13 17:44:45,2025-11-16 01:33:55,2025-11-16 19:59:34,2025-11-17 11:04:58,10.0,15.09
RAKE-20250692,Steel,Port D,Plant A2,Limestone,56,2026-04-03 11:32:43,2026-04-04 17:06:15,2026-04-05 06:23:05,2026-04-05 14:21:17,15.0,7.97
RAKE-20250693,Power,Port C,Plant B3,Coal,54,2025-09-12 19:27:37,2025-09-16 01:05:23,2025-09-17 00:43:14,2025-09-17 14:49:50,10.0,14.11
RAKE-20250694,Steel,Port C,Plant A2,Iron Ore,50,2026-04-13 16:01:23,2026-04-17 03:38:56,2026-04-18 02:35:25,2026-04-18 08:11:25,10.0,5.6
RAKE-20250695,Steel,Port A,Plant A2,Limestone,55,2026-08-27 01:07:17,2026-08-28 04:10:48,2026-08-28 16:34:18,2026-08-29 06:25:54,15.0,13.86
RAKE-20250696,Power,Port B,Plant B3,Coal,56,2026-06-27 19:21:24,2026-06-29 02:07:01,2026-06-29 19:56:29,2026-06-30 02:05:29,10.0,6.15
RAKE-20250697,Steel,Port B,Plant A3,Limestone,58,2025-10-05 00:16:40,2025-10-07 05:34:32,2025-10-08 04:56:04,2025-10-09 03:32:04,15.0,22.6
RAKE-20250698,Power,Port D,Plant B3,Coal,45,2026-08-05 05:10:03,2026-08-07 12:25:49,2026-08-08 08:44:30,2026-08-08 17:12:06,10.0,8.46
RAKE-20250699,Steel,Port B,Plant A1,Iron Ore,56,2025-09-14 15:26:02,2025-09-15 19:13:30,2025-09-16 16:50:29,2025-09-17 12:20:29,10.0,19.5
RAKE-20250700,Power,Port B,Plant B3,Coal,55,2026-06-29 13:45:02,2026-07-02 22:26:09,2026-07-03 13:31:19,2026-07-03 19:43:19,10.0,6.2
RAKE-20250701,Power,Port D,Plant B2,Coal,55,2025-12-23 08:57:06,2025-12-26 11:29:53,2025-12-27 09:56:04,2025-12-27 15:59:04,10.0,6.05
RAKE-20250702,Steel,Port A,Plant A2,Limestone,46,2026-08-12 22:24:52,2026-08-15 08:52:53,2026-08-16 03:08:36,2026-08-16 13:15:12,15.0,10.11
RAKE-20250703,Steel,Port B,Plant A1,Coal,57,2026-07-24 22:31:26,2026-07-25 23:53:52,2026-07-26 22:00:26,2026-07-27 06:19:02,10.0,8.31
RAKE-20250704,Steel,Port A,Plant A3,Iron Ore,45,2025-09-02 06:46:08,2025-09-04 08:48:17,2025-09-05 00:00:46,2025-09-05 13:07:22,10.0,13.11
RAKE-20250705,Steel,Port C,Plant A2,Limestone,50,2026-05-15 19:33:25,2026-05-16 23:58:47,2026-05-17 17:51:50,2026-05-18 19:19:26,15.0,25.46
RAKE-20250706,Mining,Port D,Plant C2,Bauxite,52,2026-07-09 19:55:00,2026-07-12 00:43:36,2026-07-12 19:55:09,2026-07-13 19:40:09,15.0,23.75
RAKE-20250707,Steel,Port A,Plant A3,Iron Ore,46,2026-07-08 19:53:45,2026-07-10 04:03:33,2026-07-10 18:42:58,2026-07-11 12:59:46,10.0,18.28
RAKE-20250708,Mining,Port D,Plant C1,Bauxite,51,2026-07-26 12:40:01,2026-07-28 18:32:52,2026-07-29 16:05:20,2026-07-30 02:22:44,15.0,10.29
RAKE-20250709,Steel,Port A,Plant A2,Limestone,53,2025-10-27 13:18:07,2025-10-28 18:29:30,2025-10-29 11:46:17,2025-10-29 19:13:17,15.0,7.45
RAKE-20250710,Power,Port D,Plant B1,Coal,52,2026-05-07 14:47:53,2026-05-08 20:58:28,2026-05-09 11:30:41,2026-05-10 01:45:05,10.0,14.24
RAKE-20250711,Power,Port C,Plant B3,Coal,47,2025-09-23 10:44:17,2025-09-25 15:37:16,2025-09-26 15:15:11,2025-09-26 23:06:11,10.0,7.85
RAKE-20250712,Power,Port D,Plant B3,Coal,59,2026-07-21 16:37:28,2026-07-24 19:55:43,2026-07-25 08:17:37,2026-07-26 05:08:01,10.0,20.84
RAKE-20250713,Power,Port A,Plant B1,Coal,56,2026-03-11 02:12:52,2026-03-12 04:28:39,2026-03-13 03:57:22,2026-03-14 02:43:34,10.0,22.77
RAKE-20250714,Steel,Port D,Plant A3,Iron Ore,56,2026-04-21 13:03:38,2026-04-23 23:25:29,2026-04-24 20:43:57,2026-04-25 05:47:33,10.0,9.06
RAKE-20250715,Steel,Port C,Plant A3,Limestone,54,2025-12-22 10:29:38,2025-12-24 20:08:28,2025-12-25 09:35:59,2025-12-26 09:43:47,15.0,24.13
RAKE-20250716,Mining,Port B,Plant C1,Iron Ore,58,2026-01-04 15:50:32,2026-01-08 01:46:39,2026-01-08 15:43:18,2026-01-08 23:54:06,10.0,8.18
RAKE-20250717,Mining,Port D,Plant C3,Iron Ore,59,2026-08-06 16:04:23,2026-08-08 03:37:25,2026-08-08 16:29:10,2026-08-09 01:18:58,10.0,8.83
RAKE-20250718,Mining,Port A,Plant C3,Bauxite,58,2026-03-12 06:48:11,2026-03-13 08:31:01,2026-03-14 04:01:41,2026-03-14 16:23:17,15.0,12.36
RAKE-20250719,Steel,Port D,Plant A2,Limestone,45,2026-08-06 01:49:17,2026-08-09 05:54:08,2026-08-09 21:11:11,2026-08-10 11:10:35,15.0,13.99
RAKE-20250720,Power,Port A,Plant B1,Coal,59,2026-03-25 05:32:18,2026-03-28 07:32:08,2026-03-29 03:32:33,2026-03-29 09:50:33,10.0,6.3
RAKE-20250721,Mining,Port C,Plant C2,Bauxite,53,2025-09-24 05:33:56,2025-09-26 12:49:30,2025-09-27 09:41:57,2025-09-27 22:42:33,15.0,13.01
RAKE-20250722,Steel,Port B,Plant A1,Coal,52,2026-04-08 01:10:04,2026-04-10 02:15:24,2026-04-10 19:30:24,2026-04-11 16:02:48,10.0,20.54
RAKE-20250723,Steel,Port A,Plant A1,Iron Ore,59,2025-09-15 02:23:26,2025-09-18 06:37:24,2025-09-18 19:18:22,2025-09-20 07:15:58,10.0,35.96
RAKE-20250724,Power,Port A,Plant B1,Coal,46,2026-01-24 06:03:49,2026-01-26 14:43:32,2026-01-27 05:58:46,2026-01-27 13:14:58,10.0,7.27
RAKE-20250725,Power,Port A,Plant B2,Coal,57,2026-01-21 02:01:33,2026-01-22 04:14:32,2026-01-22 23:46:30,2026-01-23 05:18:54,10.0,5.54
RAKE-20250726,Mining,Port B,Plant C3,Bauxite,59,2026-04-30 13:31:45,2026-05-03 00:08:45,2026-05-03 14:11:53,2026-05-04 13:49:41,15.0,23.63
RAKE-20250727,Steel,Port B,Plant A3,Limestone,57,2026-01-09 19:30:06,2026-01-11 07:10:57,2026-01-12 06:58:46,2026-01-12 16:44:58,15.0,9.77
RAKE-20250728,Power,Port C,Plant B1,Coal,52,2026-01-11 13:16:49,2026-01-12 14:39:17,2026-01-13 12:30:28,2026-01-13 21:36:28,10.0,9.1
RAKE-20250729,Steel,Port A,Plant A3,Limestone,51,2025-12-27 04:42:42,2025-12-29 11:34:25,2025-12-30 08:40:58,2025-12-30 19:31:22,15.0,10.84
RAKE-20250730,Steel,Port A,Plant A3,Limestone,51,2025-11-28 19:03:39,2025-11-30 22:56:54,2025-12-01 13:53:31,2025-12-01 23:19:19,15.0,9.43
RAKE-20250731,Steel,Port C,Plant A2,Iron Ore,52,2025-09-18 15:36:58,2025-09-21 23:04:50,2025-09-22 14:53:45,2025-09-22 20:36:21,10.0,5.71
RAKE-20250732,Mining,Port A,Plant C1,Bauxite,46,2025-10-19 02:20:53,2025-10-20 07:10:21,2025-10-20 20:34:09,2025-10-21 16:44:21,15.0,20.17
RAKE-20250733,Power,Port D,Plant B2,Coal,52,2026-08-10 16:03:55,2026-08-13 22:16:23,2026-08-14 19:54:09,2026-08-15 01:29:33,10.0,5.59
RAKE-20250734,Power,Port D,Plant B3,Coal,49,2026-06-09 05:40:01,2026-06-12 08:06:14,2026-06-13 03:46:59,2026-06-13 13:05:35,10.0,9.31
RAKE-20250735,Steel,Port C,Plant A2,Iron Ore,46,2026-05-14 02:00:02,2026-05-17 04:15:42,2026-05-18 02:18:17,2026-05-18 10:32:41,10.0,8.24
RAKE-20250736,Mining,Port C,Plant C2,Iron Ore,47,2026-01-01 19:40:19,2026-01-04 00:06:40,2026-01-04 14:15:00,2026-01-04 22:30:36,10.0,8.26
RAKE-20250737,Steel,Port D,Plant A3,Limestone,55,2026-05-18 14:43:34,2026-05-22 02:11:37,2026-05-23 01:32:58,2026-05-23 14:42:34,15.0,13.16
RAKE-20250738,Mining,Port A,Plant C2,Bauxite,49,2026-08-14 13:10:19,2026-08-17 22:57:50,2026-08-18 12:33:53,2026-08-19 14:48:17,15.0,26.24
RAKE-20250739,Steel,Port A,Plant A3,Limestone,59,2026-01-08 22:17:21,2026-01-12 03:22:44,2026-01-12 18:18:29,2026-01-13 21:42:29,15.0,27.4
RAKE-20250740,Steel,Port A,Plant A3,Coal,45,2025-11-19 09:16:39,2025-11-21 19:03:29,2025-11-22 12:15:18,2025-11-22 18:46:30,10.0,6.52
RAKE-20250741,Power,Port C,Plant B1,Coal,58,2025-11-12 04:10:12,2025-11-13 09:21:23,2025-11-13 21:34:44,2025-11-14 13:20:56,10.0,15.77
RAKE-20250742,Steel,Port A,Plant A2,Iron Ore,45,2026-08-23 18:01:35,2026-08-27 01:46:45,2026-08-27 17:31:09,2026-08-28 07:57:33,10.0,14.44
RAKE-20250743,Power,Port C,Plant B1,Coal,57,2026-05-23 03:31:15,2026-05-24 10:31:17,2026-05-25 00:17:19,2026-05-25 20:07:43,10.0,19.84
RAKE-20250744,Power,Port D,Plant B2,Coal,53,2025-11-09 15:10:48,2025-11-13 01:28:44,2025-11-13 17:02:32,2025-11-14 01:54:08,10.0,8.86
RAKE-20250745,Steel,Port D,Plant A2,Coal,52,2026-05-05 11:09:52,2026-05-08 20:30:03,2026-05-09 14:51:50,2026-05-09 23:03:50,10.0,8.2
RAKE-20250746,Mining,Port B,Plant C3,Bauxite,54,2025-09-30 05:33:32,2025-10-01 13:58:11,2025-10-02 02:03:46,2025-10-02 11:34:58,15.0,9.52
RAKE-20250747,Steel,Port A,Plant A1,Coal,56,2026-08-14 06:31:24,2026-08-17 12:12:42,2026-08-18 04:11:57,2026-08-18 12:55:45,10.0,8.73
RAKE-20250748,Power,Port D,Plant B2,Coal,49,2026-08-13 03:00:59,2026-08-16 13:52:21,2026-08-17 06:50:53,2026-08-17 12:49:05,10.0,5.97
RAKE-20250749,Mining,Port C,Plant C3,Bauxite,57,2026-03-08 11:17:57,2026-03-10 13:24:24,2026-03-11 06:29:28,2026-03-11 14:24:04,15.0,7.91
RAKE-20250750,Power,Port A,Plant B2,Coal,56,2025-09-30 19:53:11,2025-10-01 23:57:32,2025-10-02 23:08:09,2025-10-04 08:31:33,10.0,33.39
RAKE-20250751,Steel,Port A,Plant A1,Limestone,57,2025-09-22 07:10:52,2025-09-23 17:13:55,2025-09-24 11:42:55,2025-09-25 08:50:07,15.0,21.12
RAKE-20250752,Mining,Port D,Plant C2,Iron Ore,52,2026-06-26 23:32:58,2026-06-30 06:41:01,2026-07-01 01:36:17,2026-07-01 23:21:53,10.0,21.76
RAKE-20250753,Power,Port C,Plant B3,Coal,48,2026-06-02 11:05:37,2026-06-03 19:40:41,2026-06-04 19:17:45,2026-06-05 02:09:57,10.0,6.87
RAKE-20250754,Steel,Port D,Plant A1,Limestone,54,2025-10-11 15:05:43,2025-10-12 19:29:14,2025-10-13 18:06:04,2025-10-15 05:04:52,15.0,34.98
RAKE-20250755,Steel,Port D,Plant A3,Limestone,50,2026-02-24 07:41:33,2026-02-27 09:09:18,2026-02-28 04:20:02,2026-02-28 10:48:50,15.0,6.48
RAKE-20250756,Power,Port C,Plant B2,Coal,51,2026-01-14 08:50:58,2026-01-17 20:08:35,2026-01-18 12:58:55,2026-01-18 21:26:31,10.0,8.46
RAKE-20250757,Power,Port B,Plant B3,Coal,57,2026-01-11 18:25:29,2026-01-15 04:38:47,2026-01-15 23:18:45,2026-01-16 08:01:57,10.0,8.72
RAKE-20250758,Power,Port B,Plant B1,Coal,45,2025-10-16 18:33:55,2025-10-18 23:26:47,2025-10-19 19:11:26,2025-10-20 01:01:14,10.0,5.83
RAKE-20250759,Mining,Port B,Plant C3,Iron Ore,52,2026-06-20 02:04:05,2026-06-21 06:23:08,2026-06-22 01:44:21,2026-06-22 10:34:09,10.0,8.83
RAKE-20250760,Power,Port B,Plant B1,Coal,47,2026-05-16 03:30:59,2026-05-18 12:53:17,2026-05-19 07:10:59,2026-05-20 11:09:47,10.0,27.98
RAKE-20250761,Steel,Port C,Plant A1,Coal,59,2026-01-28 07:23:16,2026-01-30 09:19:08,2026-01-30 21:52:36,2026-01-31 03:52:00,10.0,5.99
RAKE-20250762,Steel,Port C,Plant A3,Iron Ore,54,2026-05-30 20:09:28,2026-06-03 05:07:27,2026-06-03 21:31:12,2026-06-04 19:27:00,10.0,21.93
RAKE-20250763,Steel,Port D,Plant A3,Coal,47,2025-12-20 11:27:42,2025-12-22 15:13:11,2025-12-23 13:57:15,2025-12-23 23:14:39,10.0,9.29
RAKE-20250764,Power,Port B,Plant B3,Coal,49,2025-09-17 19:00:41,2025-09-19 06:35:15,2025-09-19 22:26:17,2025-09-20 06:35:53,10.0,8.16
RAKE-20250765,Steel,Port C,Plant A3,Iron Ore,49,2025-10-18 06:29:41,2025-10-21 17:38:39,2025-10-22 07:11:42,2025-10-22 15:53:06,10.0,8.69
RAKE-20250766,Power,Port C,Plant B1,Coal,55,2026-04-18 19:31:27,2026-04-21 20:53:29,2026-04-22 13:31:12,2026-04-22 21:49:48,10.0,8.31
RAKE-20250767,Power,Port C,Plant B2,Coal,56,2025-09-10 18:06:30,2025-09-12 19:31:15,2025-09-13 18:32:04,2025-09-14 00:51:52,10.0,6.33
RAKE-20250768,Mining,Port C,Plant C3,Bauxite,52,2026-04-06 05:10:27,2026-04-08 14:32:25,2026-04-09 08:22:01,2026-04-09 14:29:49,15.0,6.13
RAKE-20250769,Steel,Port A,Plant A2,Coal,51,2026-07-06 23:38:20,2026-07-08 09:50:05,2026-07-08 23:18:26,2026-07-09 07:36:26,10.0,8.3
RAKE-20250770,Mining,Port B,Plant C2,Iron Ore,52,2026-01-17 08:03:45,2026-01-18 09:14:40,2026-01-19 07:01:19,2026-01-19 16:04:19,10.0,9.05
RAKE-20250771,Steel,Port A,Plant A2,Limestone,58,2026-02-02 14:35:07,2026-02-04 02:34:17,2026-02-04 19:02:01,2026-02-05 09:05:37,15.0,14.06
RAKE-20250772,Mining,Port B,Plant C3,Iron Ore,56,2025-11-17 17:17:55,2025-11-20 00:36:56,2025-11-20 22:36:44,2025-11-21 21:31:56,10.0,22.92
RAKE-20250773,Steel,Port B,Plant A3,Limestone,57,2026-08-24 14:09:14,2026-08-26 17:34:18,2026-08-27 09:17:11,2026-08-27 22:44:47,15.0,13.46
RAKE-20250774,Steel,Port C,Plant A1,Limestone,46,2025-11-12 03:01:02,2025-11-13 14:26:27,2025-11-14 08:00:26,2025-11-15 04:42:26,15.0,20.7
RAKE-20250775,Power,Port D,Plant B2,Coal,56,2025-12-11 04:49:20,2025-12-13 15:33:31,2025-12-14 04:05:52,2025-12-14 10:55:04,10.0,6.82
RAKE-20250776,Steel,Port C,Plant A1,Limestone,47,2025-10-18 23:16:13,2025-10-21 06:23:48,2025-10-22 02:19:49,2025-10-23 16:51:37,15.0,38.53
RAKE-20250777,Steel,Port C,Plant A2,Coal,57,2026-04-05 11:09:48,2026-04-06 18:04:09,2026-04-07 12:48:06,2026-04-09 00:13:54,10.0,35.43
RAKE-20250778,Power,Port B,Plant B3,Coal,53,2026-03-07 10:29:58,2026-03-09 19:47:07,2026-03-10 16:54:53,2026-03-11 01:01:29,10.0,8.11
RAKE-20250779,Power,Port C,Plant B2,Coal,48,2026-05-27 08:52:09,2026-05-29 11:17:56,2026-05-30 05:15:32,2026-05-30 12:23:56,10.0,7.14
RAKE-20250780,Power,Port A,Plant B3,Coal,49,2025-12-09 15:28:52,2025-12-11 00:20:08,2025-12-11 15:50:49,2025-12-12 14:53:13,10.0,23.04
RAKE-20250781,Power,Port A,Plant B3,Coal,56,2026-06-21 05:11:44,2026-06-23 16:00:49,2026-06-24 04:44:25,2026-06-24 11:28:13,10.0,6.73
RAKE-20250782,Power,Port B,Plant B3,Coal,45,2025-11-18 00:02:46,2025-11-19 10:35:24,2025-11-20 02:34:55,2025-11-20 11:30:43,10.0,8.93
RAKE-20250783,Steel,Port B,Plant A3,Coal,46,2026-03-23 17:48:59,2026-03-26 23:44:20,2026-03-27 19:41:06,2026-03-28 03:57:54,10.0,8.28
RAKE-20250784,Steel,Port A,Plant A2,Limestone,59,2026-08-14 08:50:28,2026-08-17 20:41:45,2026-08-18 12:22:04,2026-08-19 19:39:28,15.0,31.29
RAKE-20250785,Steel,Port A,Plant A1,Iron Ore,54,2026-08-18 18:44:30,2026-08-19 20:47:00,2026-08-20 17:34:07,2026-08-21 11:51:31,10.0,18.29
RAKE-20250786,Mining,Port A,Plant C2,Iron Ore,53,2025-11-06 07:01:04,2025-11-09 08:45:54,2025-11-10 04:50:34,2025-11-10 10:21:46,10.0,5.52
RAKE-20250787,Power,Port D,Plant B1,Coal,48,2026-04-30 01:22:24,2026-05-02 03:38:09,2026-05-03 00:20:51,2026-05-03 07:00:27,10.0,6.66
RAKE-20250788,Steel,Port B,Plant A1,Limestone,48,2026-02-04 19:10:07,2026-02-08 01:50:23,2026-02-08 20:40:34,2026-02-09 04:52:34,15.0,8.2
RAKE-20250789,Power,Port B,Plant B1,Coal,59,2026-04-25 20:07:12,2026-04-28 23:11:37,2026-04-29 20:51:54,2026-04-30 03:36:18,10.0,6.74
RAKE-20250790,Mining,Port A,Plant C3,Iron Ore,52,2026-02-12 05:27:56,2026-02-14 17:27:20,2026-02-15 15:31:29,2026-02-16 10:48:53,10.0,19.29
RAKE-20250791,Steel,Port C,Plant A2,Coal,51,2025-11-02 04:02:33,2025-11-03 14:47:48,2025-11-04 10:50:40,2025-11-04 19:27:16,10.0,8.61
RAKE-20250792,Power,Port A,Plant B3,Coal,52,2026-07-31 18:59:48,2026-08-04 05:41:06,2026-08-05 02:46:37,2026-08-05 08:23:49,10.0,5.62
RAKE-20250793,Power,Port A,Plant B3,Coal,46,2026-06-13 22:11:31,2026-06-15 08:17:57,2026-06-16 04:47:19,2026-06-16 12:25:07,10.0,7.63
RAKE-20250794,Power,Port B,Plant B1,Coal,45,2025-09-09 02:33:50,2025-09-11 11:26:38,2025-09-12 04:53:49,2025-09-12 18:48:25,10.0,13.91
RAKE-20250795,Steel,Port A,Plant A1,Iron Ore,54,2026-06-17 12:48:22,2026-06-18 15:19:44,2026-06-19 04:45:58,2026-06-19 13:33:58,10.0,8.8
RAKE-20250796,Mining,Port A,Plant C1,Iron Ore,48,2025-10-11 05:29:17,2025-10-12 12:39:08,2025-10-13 05:25:40,2025-10-13 10:55:40,10.0,5.5
RAKE-20250797,Mining,Port A,Plant C1,Iron Ore,59,2025-11-27 03:08:04,2025-11-30 11:44:40,2025-12-01 01:12:14,2025-12-01 06:57:50,10.0,5.76
RAKE-20250798,Power,Port A,Plant B3,Coal,54,2026-08-12 14:06:54,2026-08-14 17:37:04,2026-08-15 06:50:25,2026-08-15 12:43:13,10.0,5.88
RAKE-20250799,Power,Port A,Plant B2,Coal,56,2026-04-10 19:18:17,2026-04-14 05:55:10,2026-04-15 05:53:34,2026-04-15 14:16:58,10.0,8.39
RAKE-20250800,Mining,Port B,Plant C3,Iron Ore,58,2026-08-19 21:00:06,2026-08-22 02:57:23,2026-08-22 18:50:20,2026-08-23 01:15:32,10.0,6.42
RAKE-20250801,Power,Port D,Plant B3,Coal,52,2026-06-22 06:25:04,2026-06-23 11:41:11,2026-06-24 01:54:49,2026-06-24 09:29:01,10.0,7.57
RAKE-20250802,Steel,Port C,Plant A2,Coal,57,2025-10-17 15:31:45,2025-10-19 00:47:39,2025-10-19 17:14:06,2025-10-20 15:00:18,10.0,21.77
RAKE-20250803,Power,Port B,Plant B1,Coal,52,2025-10-27 22:47:50,2025-10-31 00:20:22,2025-10-31 20:40:18,2025-11-01 16:34:54,10.0,19.91
RAKE-20250804,Power,Port A,Plant B2,Coal,47,2026-03-04 20:05:56,2026-03-07 22:50:05,2026-03-08 12:28:53,2026-03-09 06:13:53,10.0,17.75
RAKE-20250805,Steel,Port D,Plant A1,Limestone,49,2025-12-03 12:09:55,2025-12-04 20:38:12,2025-12-05 19:06:56,2025-12-06 08:30:56,15.0,13.4
RAKE-20250806,Power,Port B,Plant B1,Coal,48,2025-09-11 20:42:49,2025-09-13 00:44:21,2025-09-13 14:26:28,2025-09-14 06:27:40,10.0,16.02
RAKE-20250807,Mining,Port A,Plant C3,Iron Ore,55,2025-12-09 09:57:22,2025-12-12 11:09:59,2025-12-12 23:34:31,2025-12-13 06:38:43,10.0,7.07
RAKE-20250808,Mining,Port C,Plant C3,Bauxite,59,2025-09-03 12:13:21,2025-09-06 19:15:56,2025-09-07 08:06:49,2025-09-07 13:57:13,15.0,5.84
RAKE-20250809,Power,Port A,Plant B2,Coal,48,2026-03-11 05:11:20,2026-03-14 16:08:13,2026-03-15 10:26:50,2026-03-15 16:55:02,10.0,6.47
RAKE-20250810,Steel,Port B,Plant A3,Limestone,57,2026-07-03 08:12:28,2026-07-06 11:27:59,2026-07-07 02:38:15,2026-07-07 11:05:51,15.0,8.46
RAKE-20250811,Mining,Port B,Plant C1,Iron Ore,46,2026-07-06 16:53:24,2026-07-09 23:30:05,2026-07-10 19:30:49,2026-07-11 16:30:49,10.0,21.0
RAKE-20250812,Mining,Port D,Plant C2,Iron Ore,59,2026-01-01 15:36:10,2026-01-04 18:59:14,2026-01-05 07:34:23,2026-01-05 14:18:47,10.0,6.74
RAKE-20250813,Steel,Port B,Plant A3,Limestone,58,2026-01-08 14:05:39,2026-01-11 15:21:34,2026-01-12 10:41:04,2026-01-12 18:02:40,15.0,7.36
RAKE-20250814,Mining,Port C,Plant C3,Iron Ore,45,2025-12-10 07:28:01,2025-12-13 18:21:27,2025-12-14 15:04:37,2025-12-14 23:48:25,10.0,8.73
RAKE-20250815,Mining,Port D,Plant C2,Bauxite,58,2026-03-24 02:40:49,2026-03-25 05:58:19,2026-03-25 19:28:35,2026-03-26 04:54:23,15.0,9.43
RAKE-20250816,Power,Port A,Plant B3,Coal,47,2026-03-22 18:13:21,2026-03-25 00:19:26,2026-03-25 17:18:18,2026-03-26 01:30:18,10.0,8.2
RAKE-20250817,Power,Port A,Plant B3,Coal,51,2025-11-08 16:38:19,2025-11-10 01:01:15,2025-11-10 13:24:34,2025-11-10 20:31:46,10.0,7.12
RAKE-20250818,Steel,Port B,Plant A1,Limestone,45,2025-12-14 14:39:02,2025-12-15 20:29:47,2025-12-16 11:31:37,2025-12-17 10:41:49,15.0,23.17
RAKE-20250819,Steel,Port B,Plant A1,Iron Ore,50,2026-04-11 02:40:17,2026-04-12 07:24:36,2026-04-13 06:12:34,2026-04-13 23:16:10,10.0,17.06
RAKE-20250820,Steel,Port B,Plant A2,Limestone,49,2026-02-03 21:45:49,2026-02-06 07:06:42,2026-02-06 22:40:36,2026-02-07 04:26:12,15.0,5.76
RAKE-20250821,Mining,Port D,Plant C1,Iron Ore,45,2026-05-14 09:54:30,2026-05-16 11:45:04,2026-05-17 05:25:39,2026-05-17 14:01:03,10.0,8.59
RAKE-20250822,Steel,Port C,Plant A3,Coal,58,2026-06-24 14:09:47,2026-06-27 18:45:57,2026-06-28 17:50:37,2026-06-29 02:51:13,10.0,9.01
RAKE-20250823,Steel,Port C,Plant A2,Limestone,49,2026-04-16 16:43:00,2026-04-18 18:57:57,2026-04-19 08:20:04,2026-04-20 04:54:16,15.0,20.57
RAKE-20250824,Steel,Port B,Plant A3,Limestone,58,2025-10-07 21:07:47,2025-10-10 06:39:00,2025-10-10 21:09:32,2025-10-11 09:53:56,15.0,12.74
RAKE-20250825,Power,Port D,Plant B3,Coal,49,2026-05-24 21:09:23,2026-05-26 08:18:45,2026-05-26 21:11:15,2026-05-27 06:31:03,10.0,9.33
RAKE-20250826,Mining,Port D,Plant C2,Bauxite,52,2026-01-20 03:47:03,2026-01-22 09:13:03,2026-01-23 08:34:32,2026-01-23 14:11:44,15.0,5.62
RAKE-20250827,Steel,Port D,Plant A2,Coal,57,2026-02-09 00:58:57,2026-02-11 05:59:53,2026-02-12 04:33:03,2026-02-12 11:33:39,10.0,7.01
RAKE-20250828,Steel,Port A,Plant A2,Iron Ore,54,2026-03-05 14:20:41,2026-03-08 18:24:06,2026-03-09 17:05:08,2026-03-10 00:17:08,10.0,7.2
RAKE-20250829,Power,Port C,Plant B3,Coal,49,2026-05-12 14:45:14,2026-05-13 20:31:32,2026-05-14 15:38:41,2026-05-15 05:52:29,10.0,14.23
RAKE-20250830,Power,Port A,Plant B2,Coal,50,2026-02-10 15:45:52,2026-02-13 22:02:22,2026-02-14 21:07:42,2026-02-15 04:59:18,10.0,7.86
RAKE-20250831,Steel,Port A,Plant A3,Iron Ore,57,2025-09-06 09:27:33,2025-09-08 20:17:34,2025-09-09 17:36:29,2025-09-10 02:09:29,10.0,8.55
RAKE-20250832,Power,Port A,Plant B1,Coal,59,2026-07-08 18:30:22,2026-07-11 00:54:32,2026-07-11 21:05:55,2026-07-12 21:25:07,10.0,24.32
RAKE-20250833,Steel,Port C,Plant A1,Coal,53,2025-10-07 10:12:20,2025-10-08 16:32:45,2025-10-09 08:34:18,2025-10-10 01:36:06,10.0,17.03
RAKE-20250834,Steel,Port C,Plant A1,Iron Ore,53,2025-10-11 06:38:04,2025-10-12 07:59:47,2025-10-13 03:15:29,2025-10-13 11:13:05,10.0,7.96
RAKE-20250835,Power,Port A,Plant B2,Coal,50,2026-08-04 00:59:38,2026-08-05 03:27:41,2026-08-06 02:01:13,2026-08-06 10:34:13,10.0,8.55
RAKE-20250836,Steel,Port B,Plant A2,Iron Ore,59,2026-04-23 09:56:40,2026-04-24 16:49:49,2026-04-25 14:24:01,2026-04-25 19:56:25,10.0,5.54
RAKE-20250837,Mining,Port B,Plant C2,Iron Ore,50,2026-08-20 19:34:37,2026-08-23 01:22:54,2026-08-23 22:16:01,2026-08-24 17:36:25,10.0,19.34
RAKE-20250838,Steel,Port B,Plant A1,Iron Ore,45,2026-03-25 07:08:50,2026-03-26 18:22:39,2026-03-27 14:51:47,2026-03-27 23:31:59,10.0,8.67
RAKE-20250839,Power,Port A,Plant B3,Coal,50,2026-05-01 03:56:44,2026-05-04 07:19:17,2026-05-05 04:03:54,2026-05-06 06:10:30,10.0,26.11
RAKE-20250840,Power,Port B,Plant B2,Coal,56,2025-12-15 08:36:02,2025-12-18 19:22:03,2025-12-19 12:13:04,2025-12-20 14:41:52,10.0,26.48
RAKE-20250841,Steel,Port C,Plant A1,Iron Ore,54,2026-02-27 00:24:09,2026-02-28 11:47:20,2026-03-01 06:51:47,2026-03-01 16:17:35,10.0,9.43
RAKE-20250842,Power,Port A,Plant B3,Coal,59,2026-03-02 18:15:29,2026-03-04 03:10:28,2026-03-04 22:32:54,2026-03-05 07:41:18,10.0,9.14
RAKE-20250843,Steel,Port A,Plant A2,Limestone,50,2025-09-05 20:13:16,2025-09-07 21:18:45,2025-09-08 20:57:11,2025-09-09 05:49:59,15.0,8.88
RAKE-20250844,Mining,Port B,Plant C1,Iron Ore,59,2025-09-25 19:50:35,2025-09-28 22:04:54,2025-09-29 21:01:36,2025-09-30 02:33:24,10.0,5.53
RAKE-20250845,Steel,Port D,Plant A1,Iron Ore,51,2025-11-04 19:46:50,2025-11-05 22:51:08,2025-11-06 16:51:30,2025-11-06 22:52:06,10.0,6.01
RAKE-20250846,Steel,Port C,Plant A3,Limestone,59,2026-08-08 03:51:13,2026-08-10 13:47:10,2026-08-11 03:39:26,2026-08-11 12:18:26,15.0,8.65
RAKE-20250847,Steel,Port C,Plant A1,Iron Ore,56,2025-12-01 06:40:38,2025-12-04 13:08:28,2025-12-05 05:51:50,2025-12-06 06:12:14,10.0,24.34
RAKE-20250848,Mining,Port B,Plant C2,Iron Ore,54,2026-01-01 01:05:18,2026-01-04 02:56:40,2026-01-04 20:54:47,2026-01-05 04:16:23,10.0,7.36
RAKE-20250849,Power,Port C,Plant B2,Coal,52,2026-08-11 10:04:33,2026-08-14 15:08:46,2026-08-15 06:33:49,2026-08-15 22:00:13,10.0,15.44
RAKE-20250850,Power,Port A,Plant B1,Coal,59,2026-04-13 23:36:54,2026-04-16 06:55:51,2026-04-17 00:56:24,2026-04-17 09:54:00,10.0,8.96
RAKE-20250851,Steel,Port C,Plant A2,Coal,52,2026-07-15 00:31:24,2026-07-16 09:02:00,2026-07-17 08:19:19,2026-07-17 13:52:55,10.0,5.56
RAKE-20250852,Power,Port D,Plant B1,Coal,54,2026-04-05 04:39:53,2026-04-08 08:31:53,2026-04-09 02:59:23,2026-04-09 11:47:59,10.0,8.81
RAKE-20250853,Steel,Port C,Plant A1,Limestone,51,2025-09-26 20:34:50,2025-09-28 05:07:15,2025-09-28 18:33:56,2025-09-29 02:29:08,15.0,7.92
RAKE-20250854,Mining,Port D,Plant C3,Bauxite,56,2025-10-07 12:18:08,2025-10-08 21:53:35,2025-10-09 14:17:35,2025-10-11 01:22:23,15.0,35.08
RAKE-20250855,Steel,Port C,Plant A1,Iron Ore,57,2026-03-25 19:48:44,2026-03-27 02:30:21,2026-03-28 00:48:40,2026-03-28 08:58:16,10.0,8.16
RAKE-20250856,Steel,Port A,Plant A3,Coal,49,2026-08-11 05:21:51,2026-08-13 09:42:25,2026-08-14 00:53:23,2026-08-14 08:38:23,10.0,7.75
RAKE-20250857,Steel,Port D,Plant A2,Limestone,57,2026-03-03 18:53:20,2026-03-07 00:30:22,2026-03-07 18:02:19,2026-03-08 00:37:43,15.0,6.59
RAKE-20250858,Power,Port A,Plant B3,Coal,50,2025-10-25 02:23:03,2025-10-28 11:24:48,2025-10-29 09:52:01,2025-10-29 18:38:13,10.0,8.77
RAKE-20250859,Power,Port B,Plant B1,Coal,59,2026-06-09 17:45:12,2026-06-11 21:08:52,2026-06-12 10:47:17,2026-06-12 19:28:41,10.0,8.69
RAKE-20250860,Steel,Port A,Plant A3,Iron Ore,58,2026-05-04 16:19:22,2026-05-05 22:03:42,2026-05-06 10:45:03,2026-05-07 03:40:15,10.0,16.92
RAKE-20250861,Power,Port A,Plant B3,Coal,59,2025-09-25 00:37:29,2025-09-27 05:57:09,2025-09-27 18:43:20,2025-09-28 13:41:32,10.0,18.97
RAKE-20250862,Power,Port B,Plant B1,Coal,57,2025-12-31 01:22:59,2026-01-03 12:27:57,2026-01-04 04:03:20,2026-01-04 12:46:32,10.0,8.72
RAKE-20250863,Power,Port A,Plant B1,Coal,49,2025-12-22 06:10:07,2025-12-23 14:22:21,2025-12-24 06:52:54,2025-12-24 14:25:54,10.0,7.55
RAKE-20250864,Steel,Port B,Plant A3,Coal,59,2026-01-24 12:30:56,2026-01-25 15:15:00,2026-01-26 09:26:46,2026-01-26 15:56:46,10.0,6.5
RAKE-20250865,Steel,Port C,Plant A3,Limestone,58,2026-04-17 20:13:27,2026-04-19 06:29:19,2026-04-20 02:16:00,2026-04-20 08:24:24,15.0,6.14
RAKE-20250866,Power,Port A,Plant B1,Coal,48,2025-09-02 00:34:10,2025-09-05 05:12:32,2025-09-06 04:39:53,2025-09-06 12:32:05,10.0,7.87
RAKE-20250867,Steel,Port A,Plant A1,Coal,55,2026-04-27 22:14:13,2026-04-30 23:46:53,2026-05-01 22:27:07,2026-05-02 04:33:07,10.0,6.1
RAKE-20250868,Steel,Port C,Plant A3,Iron Ore,50,2025-10-07 21:36:26,2025-10-09 03:46:39,2025-10-09 16:00:47,2025-10-09 22:22:59,10.0,6.37
RAKE-20250869,Mining,Port B,Plant C3,Iron Ore,56,2026-04-10 05:35:12,2026-04-13 12:58:49,2026-04-14 10:24:05,2026-04-14 17:03:41,10.0,6.66
RAKE-20250870,Mining,Port C,Plant C3,Iron Ore,47,2026-07-23 03:49:44,2026-07-25 12:48:06,2026-07-26 01:30:57,2026-07-26 08:00:21,10.0,6.49
RAKE-20250871,Steel,Port C,Plant A3,Coal,58,2025-12-22 09:51:56,2025-12-23 14:39:34,2025-12-24 03:04:42,2025-12-24 10:46:06,10.0,7.69
RAKE-20250872,Steel,Port D,Plant A3,Limestone,54,2026-06-01 03:53:14,2026-06-04 05:40:41,2026-06-05 01:17:33,2026-06-05 14:00:45,15.0,12.72
RAKE-20250873,Power,Port C,Plant B2,Coal,52,2026-02-24 15:30:58,2026-02-27 21:11:58,2026-02-28 10:06:12,2026-02-28 18:16:24,10.0,8.17
RAKE-20250874,Steel,Port B,Plant A1,Limestone,50,2025-12-10 07:28:21,2025-12-12 12:42:27,2025-12-13 02:13:35,2025-12-14 02:44:47,15.0,24.52
RAKE-20250875,Steel,Port C,Plant A1,Limestone,45,2025-10-25 21:13:18,2025-10-28 01:05:37,2025-10-28 16:26:17,2025-10-29 06:21:29,15.0,13.92
RAKE-20250876,Steel,Port A,Plant A2,Iron Ore,57,2026-07-13 08:41:33,2026-07-15 19:08:55,2026-07-16 18:26:11,2026-07-17 03:14:47,10.0,8.81
RAKE-20250877,Power,Port B,Plant B3,Coal,48,2026-07-27 19:56:02,2026-07-30 00:05:24,2026-07-30 15:57:15,2026-07-30 22:24:51,10.0,6.46
RAKE-20250878,Power,Port C,Plant B1,Coal,48,2026-05-19 15:56:38,2026-05-23 00:48:20,2026-05-23 19:37:10,2026-05-24 16:18:34,10.0,20.69
RAKE-20250879,Steel,Port B,Plant A2,Coal,48,2026-01-27 03:12:05,2026-01-29 06:53:35,2026-01-30 05:09:25,2026-01-30 14:37:37,10.0,9.47
RAKE-20250880,Steel,Port C,Plant A2,Iron Ore,51,2025-11-24 19:03:03,2025-11-26 01:36:31,2025-11-26 16:34:36,2025-11-26 23:53:48,10.0,7.32
RAKE-20250881,Steel,Port D,Plant A2,Limestone,47,2026-02-08 20:06:43,2026-02-10 06:35:50,2026-02-10 20:30:32,2026-02-11 08:01:44,15.0,11.52
RAKE-20250882,Power,Port D,Plant B1,Coal,59,2025-09-19 22:06:37,2025-09-23 02:20:54,2025-09-23 23:30:28,2025-09-24 16:25:04,10.0,16.91
RAKE-20250883,Steel,Port D,Plant A1,Iron Ore,54,2026-07-17 19:36:50,2026-07-19 06:44:57,2026-07-20 02:25:29,2026-07-20 19:50:41,10.0,17.42
RAKE-20250884,Steel,Port B,Plant A2,Limestone,58,2026-08-22 23:16:12,2026-08-24 08:12:50,2026-08-25 03:35:41,2026-08-25 15:32:41,15.0,11.95
RAKE-20250885,Power,Port B,Plant B2,Coal,57,2026-02-24 00:21:28,2026-02-25 09:17:44,2026-02-25 22:59:10,2026-02-26 18:32:10,10.0,19.55
RAKE-20250886,Steel,Port C,Plant A2,Limestone,46,2026-01-25 17:22:35,2026-01-29 01:39:25,2026-01-29 20:15:44,2026-01-30 15:15:44,15.0,19.0
RAKE-20250887,Power,Port B,Plant B2,Coal,50,2026-05-15 08:00:18,2026-05-16 15:44:53,2026-05-17 05:49:03,2026-05-17 21:53:51,10.0,16.08
RAKE-20250888,Steel,Port C,Plant A1,Iron Ore,59,2026-03-25 09:18:54,2026-03-28 14:37:11,2026-03-29 09:20:06,2026-03-29 18:05:06,10.0,8.75
RAKE-20250889,Steel,Port C,Plant A3,Coal,53,2026-04-01 19:06:51,2026-04-04 20:10:34,2026-04-05 08:32:02,2026-04-05 15:54:14,10.0,7.37
RAKE-20250890,Steel,Port C,Plant A2,Iron Ore,45,2025-10-04 14:09:32,2025-10-06 15:22:22,2025-10-07 04:42:04,2025-10-07 13:46:52,10.0,9.08
RAKE-20250891,Power,Port B,Plant B1,Coal,59,2026-06-14 05:39:20,2026-06-16 16:16:33,2026-06-17 06:50:09,2026-06-18 01:26:45,10.0,18.61
RAKE-20250892,Mining,Port A,Plant C1,Bauxite,48,2026-06-02 17:25:20,2026-06-03 21:49:28,2026-06-04 11:45:49,2026-06-04 21:02:37,15.0,9.28
RAKE-20250893,Mining,Port B,Plant C3,Bauxite,45,2026-02-16 19:45:59,2026-02-19 04:49:30,2026-02-20 00:11:40,2026-02-20 07:18:16,15.0,7.11
RAKE-20250894,Steel,Port A,Plant A3,Iron Ore,52,2025-11-30 15:42:19,2025-12-04 00:18:36,2025-12-04 20:39:02,2025-12-05 05:44:26,10.0,9.09
RAKE-20250895,Power,Port D,Plant B3,Coal,47,2025-10-30 01:28:17,2025-11-02 07:01:18,2025-11-03 06:27:02,2025-11-04 02:09:38,10.0,19.71
RAKE-20250896,Steel,Port B,Plant A1,Iron Ore,55,2026-02-03 12:10:51,2026-02-05 13:45:43,2026-02-06 11:34:01,2026-02-07 08:11:13,10.0,20.62
RAKE-20250897,Steel,Port A,Plant A3,Limestone,52,2026-05-29 17:06:55,2026-06-01 21:23:27,2026-06-02 10:03:24,2026-06-02 16:32:12,15.0,6.48
RAKE-20250898,Mining,Port A,Plant C1,Bauxite,48,2025-11-12 12:17:36,2025-11-15 15:38:31,2025-11-16 07:08:21,2025-11-17 17:52:45,15.0,34.74
RAKE-20250899,Steel,Port C,Plant A1,Limestone,56,2026-04-05 06:14:46,2026-04-06 08:06:17,2026-04-07 03:36:33,2026-04-07 10:26:57,15.0,6.84
RAKE-20250900,Steel,Port C,Plant A3,Limestone,58,2026-07-05 23:42:53,2026-07-07 11:23:51,2026-07-08 08:49:59,2026-07-09 05:15:11,15.0,20.42
RAKE-20250901,Steel,Port B,Plant A1,Iron Ore,45,2026-02-25 20:36:48,2026-03-01 07:15:31,2026-03-02 01:35:20,2026-03-02 08:59:56,10.0,7.41
RAKE-20250902,Steel,Port A,Plant A3,Coal,59,2026-04-25 03:23:31,2026-04-26 14:57:01,2026-04-27 09:11:29,2026-04-27 15:51:41,10.0,6.67
RAKE-20250903,Steel,Port B,Plant A3,Limestone,52,2026-03-12 01:12:48,2026-03-15 10:03:12,2026-03-16 08:38:14,2026-03-17 05:26:14,15.0,20.8
RAKE-20250904,Power,Port B,Plant B1,Coal,45,2026-04-14 00:16:11,2026-04-17 04:35:59,2026-04-17 20:09:11,2026-04-18 05:28:59,10.0,9.33
RAKE-20250905,Steel,Port C,Plant A2,Coal,53,2025-12-06 16:10:55,2025-12-09 03:40:20,2025-12-10 01:04:32,2025-12-10 20:18:56,10.0,19.24
RAKE-20250906,Mining,Port C,Plant C3,Bauxite,54,2026-02-01 12:40:38,2026-02-02 23:17:29,2026-02-03 21:56:20,2026-02-04 09:52:44,15.0,11.94
RAKE-20250907,Mining,Port B,Plant C2,Bauxite,49,2026-07-25 08:54:59,2026-07-26 16:14:07,2026-07-27 13:59:33,2026-07-28 03:14:33,15.0,13.25
RAKE-20250908,Steel,Port A,Plant A2,Iron Ore,56,2025-11-28 14:52:14,2025-12-01 22:36:52,2025-12-02 11:17:10,2025-12-02 18:23:46,10.0,7.11
RAKE-20250909,Steel,Port D,Plant A3,Iron Ore,59,2025-11-30 01:15:46,2025-12-02 07:06:32,2025-12-03 01:20:32,2025-12-03 09:41:32,10.0,8.35
RAKE-20250910,Steel,Port B,Plant A3,Iron Ore,53,2025-09-27 20:48:58,2025-10-01 04:39:18,2025-10-01 17:26:03,2025-10-02 02:05:39,10.0,8.66
RAKE-20250911,Power,Port C,Plant B1,Coal,50,2026-05-31 07:11:36,2026-06-01 17:19:04,2026-06-02 13:39:49,2026-06-02 21:51:13,10.0,8.19
RAKE-20250912,Steel,Port A,Plant A1,Iron Ore,52,2026-04-10 23:36:53,2026-04-14 01:56:27,2026-04-14 15:22:49,2026-04-14 22:39:37,10.0,7.28
RAKE-20250913,Power,Port B,Plant B1,Coal,54,2026-08-18 14:28:40,2026-08-19 17:40:18,2026-08-20 06:24:04,2026-08-20 14:01:52,10.0,7.63
RAKE-20250914,Steel,Port A,Plant A3,Limestone,58,2026-08-07 12:11:37,2026-08-08 22:09:31,2026-08-09 14:02:13,2026-08-10 18:44:49,15.0,28.71
RAKE-20250915,Power,Port B,Plant B1,Coal,50,2025-12-16 11:00:20,2025-12-19 17:37:55,2025-12-20 06:45:03,2025-12-21 07:14:27,10.0,24.49
RAKE-20250916,Steel,Port D,Plant A2,Iron Ore,59,2026-02-15 02:41:42,2026-02-17 09:40:13,2026-02-18 07:39:30,2026-02-18 16:56:18,10.0,9.28
RAKE-20250917,Steel,Port B,Plant A2,Limestone,45,2026-07-10 16:39:19,2026-07-12 04:22:22,2026-07-12 16:34:44,2026-07-14 02:40:44,15.0,34.1
RAKE-20250918,Mining,Port A,Plant C2,Iron Ore,54,2026-04-12 07:06:34,2026-04-13 14:19:49,2026-04-14 09:58:41,2026-04-14 18:59:17,10.0,9.01
RAKE-20250919,Power,Port A,Plant B2,Coal,57,2026-08-12 22:31:57,2026-08-14 05:56:09,2026-08-15 04:20:18,2026-08-15 11:07:42,10.0,6.79
RAKE-20250920,Steel,Port B,Plant A3,Limestone,58,2025-12-02 18:42:02,2025-12-05 22:30:10,2025-12-06 14:09:43,2025-12-07 11:34:55,15.0,21.42
RAKE-20250921,Mining,Port A,Plant C1,Iron Ore,50,2026-05-30 08:32:32,2026-06-01 16:31:16,2026-06-02 14:27:11,2026-06-03 10:18:11,10.0,19.85
RAKE-20250922,Power,Port A,Plant B3,Coal,55,2026-02-01 23:28:31,2026-02-05 09:39:14,2026-02-05 23:27:24,2026-02-06 08:46:00,10.0,9.31
RAKE-20250923,Mining,Port C,Plant C2,Bauxite,54,2025-10-21 20:55:34,2025-10-25 02:09:38,2025-10-25 17:06:49,2025-10-27 00:54:49,15.0,31.8
RAKE-20250924,Power,Port B,Plant B1,Coal,53,2026-05-14 14:53:20,2026-05-15 22:30:15,2026-05-16 17:49:26,2026-05-16 23:59:02,10.0,6.16
RAKE-20250925,Steel,Port A,Plant A3,Limestone,56,2026-07-16 15:30:38,2026-07-19 02:58:00,2026-07-19 22:28:17,2026-07-20 20:09:41,15.0,21.69
RAKE-20250926,Steel,Port D,Plant A2,Coal,54,2025-11-09 16:20:43,2025-11-12 01:03:57,2025-11-12 15:47:31,2025-11-12 22:18:07,10.0,6.51
RAKE-20250927,Steel,Port A,Plant A3,Coal,47,2025-12-09 00:28:59,2025-12-10 10:58:14,2025-12-11 08:41:18,2025-12-11 17:13:06,10.0,8.53
RAKE-20250928,Power,Port D,Plant B1,Coal,52,2025-09-20 02:08:59,2025-09-22 06:27:55,2025-09-22 20:52:33,2025-09-23 03:14:09,10.0,6.36
RAKE-20250929,Power,Port B,Plant B3,Coal,45,2026-07-26 04:24:46,2026-07-27 05:45:56,2026-07-27 18:18:45,2026-07-28 11:45:09,10.0,17.44
RAKE-20250930,Steel,Port D,Plant A2,Limestone,58,2025-12-29 15:31:35,2026-01-01 18:47:33,2026-01-02 14:39:02,2026-01-03 01:23:26,15.0,10.74
RAKE-20250931,Steel,Port C,Plant A2,Limestone,46,2025-11-02 07:12:42,2025-11-05 18:23:07,2025-11-06 16:33:30,2025-11-07 23:05:18,15.0,30.53
RAKE-20250932,Mining,Port D,Plant C2,Iron Ore,58,2026-05-03 09:16:41,2026-05-06 20:01:04,2026-05-07 08:48:56,2026-05-07 15:21:56,10.0,6.55
RAKE-20250933,Mining,Port D,Plant C3,Bauxite,45,2026-03-14 14:25:26,2026-03-16 22:08:32,2026-03-17 18:43:57,2026-03-18 08:49:21,15.0,14.09
RAKE-20250934,Power,Port A,Plant B1,Coal,52,2026-01-05 11:09:48,2026-01-07 17:20:09,2026-01-08 11:41:55,2026-01-08 17:22:43,10.0,5.68
RAKE-20250935,Steel,Port D,Plant A2,Limestone,48,2025-11-14 12:56:39,2025-11-15 19:51:04,2025-11-16 18:44:48,2025-11-17 02:56:12,15.0,8.19
RAKE-20250936,Steel,Port B,Plant A2,Coal,57,2026-05-21 01:32:49,2026-05-22 10:37:24,2026-05-23 07:42:48,2026-05-23 15:51:12,10.0,8.14
RAKE-20250937,Steel,Port B,Plant A3,Limestone,57,2026-03-27 00:34:06,2026-03-28 07:06:51,2026-03-29 05:18:14,2026-03-29 12:29:02,15.0,7.18
RAKE-20250938,Mining,Port B,Plant C2,Bauxite,47,2025-12-20 09:51:01,2025-12-23 17:06:26,2025-12-24 11:48:41,2025-12-25 02:11:29,15.0,14.38
RAKE-20250939,Steel,Port B,Plant A1,Limestone,46,2026-03-29 12:54:59,2026-04-01 22:59:27,2026-04-02 17:02:44,2026-04-03 05:13:32,15.0,12.18
RAKE-20250940,Power,Port A,Plant B3,Coal,47,2026-07-06 13:37:56,2026-07-07 23:55:16,2026-07-08 19:29:59,2026-07-09 04:21:35,10.0,8.86
RAKE-20250941,Steel,Port C,Plant A2,Coal,46,2026-06-30 14:41:11,2026-07-02 02:29:15,2026-07-02 23:53:40,2026-07-03 16:31:28,10.0,16.63
RAKE-20250942,Power,Port B,Plant B2,Coal,53,2026-05-16 21:33:03,2026-05-20 07:54:05,2026-05-21 03:08:23,2026-05-21 19:28:47,10.0,16.34
RAKE-20250943,Power,Port C,Plant B2,Coal,46,2026-04-22 00:56:27,2026-04-24 10:00:59,2026-04-25 09:16:17,2026-04-25 15:36:05,10.0,6.33
RAKE-20250944,Mining,Port D,Plant C1,Bauxite,58,2026-05-02 01:08:01,2026-05-03 05:07:57,2026-05-03 23:13:27,2026-05-04 11:02:39,15.0,11.82
RAKE-20250945,Steel,Port B,Plant A3,Limestone,59,2025-09-18 18:59:56,2025-09-21 22:02:58,2025-09-22 19:00:38,2025-09-23 08:34:50,15.0,13.57
RAKE-20250946,Steel,Port B,Plant A3,Limestone,52,2026-05-05 16:55:41,2026-05-08 04:28:29,2026-05-09 02:49:19,2026-05-09 10:54:43,15.0,8.09
RAKE-20250947,Steel,Port A,Plant A2,Iron Ore,59,2026-03-14 21:13:40,2026-03-16 08:08:38,2026-03-16 22:14:15,2026-03-17 06:35:15,10.0,8.35
RAKE-20250948,Mining,Port A,Plant C1,Bauxite,53,2026-08-12 07:44:04,2026-08-15 11:56:28,2026-08-16 02:45:14,2026-08-16 10:22:26,15.0,7.62
RAKE-20250949,Mining,Port A,Plant C2,Bauxite,52,2026-04-24 17:14:16,2026-04-28 02:14:15,2026-04-28 18:26:00,2026-04-29 05:40:24,15.0,11.24
RAKE-20250950,Power,Port B,Plant B1,Coal,54,2026-06-29 07:41:38,2026-07-01 16:26:18,2026-07-02 06:33:53,2026-07-02 12:54:53,10.0,6.35
RAKE-20250951,Power,Port A,Plant B1,Coal,55,2026-05-28 04:43:14,2026-05-29 11:13:17,2026-05-30 00:27:40,2026-05-30 06:31:16,10.0,6.06
RAKE-20250952,Power,Port D,Plant B2,Coal,53,2026-05-04 16:15:36,2026-05-06 03:27:53,2026-05-06 19:38:06,2026-05-07 19:00:54,10.0,23.38
RAKE-20250953,Steel,Port C,Plant A2,Limestone,50,2026-08-13 02:31:42,2026-08-16 10:41:57,2026-08-16 23:09:47,2026-08-17 20:37:23,15.0,21.46
RAKE-20250954,Mining,Port B,Plant C1,Bauxite,57,2026-01-20 17:33:44,2026-01-23 22:47:22,2026-01-24 11:27:13,2026-01-25 00:39:49,15.0,13.21
RAKE-20250955,Steel,Port C,Plant A1,Coal,52,2026-02-03 12:55:50,2026-02-05 18:50:54,2026-02-06 18:03:25,2026-02-07 01:43:01,10.0,7.66
RAKE-20250956,Steel,Port A,Plant A1,Iron Ore,59,2026-06-13 08:05:57,2026-06-15 11:55:51,2026-06-16 04:30:29,2026-06-17 05:38:53,10.0,25.14
RAKE-20250957,Power,Port B,Plant B2,Coal,46,2026-05-24 12:23:23,2026-05-25 19:51:47,2026-05-26 14:18:35,2026-05-27 18:44:59,10.0,28.44
RAKE-20250958,Steel,Port C,Plant A2,Limestone,53,2026-07-22 16:36:02,2026-07-24 03:56:45,2026-07-24 19:58:27,2026-07-25 05:35:39,15.0,9.62
RAKE-20250959,Steel,Port B,Plant A2,Coal,54,2026-07-12 22:10:49,2026-07-15 06:04:34,2026-07-15 20:09:43,2026-07-16 03:38:31,10.0,7.48
RAKE-20250960,Power,Port B,Plant B2,Coal,59,2025-09-20 22:51:35,2025-09-23 08:20:04,2025-09-24 00:47:06,2025-09-24 07:12:18,10.0,6.42
RAKE-20250961,Steel,Port D,Plant A1,Coal,56,2026-02-17 14:39:54,2026-02-18 23:17:59,2026-02-19 20:30:45,2026-02-20 04:39:09,10.0,8.14
RAKE-20250962,Power,Port D,Plant B2,Coal,56,2026-06-12 05:50:20,2026-06-13 16:55:45,2026-06-14 10:26:33,2026-06-14 19:45:09,10.0,9.31
RAKE-20250963,Steel,Port C,Plant A1,Limestone,55,2025-12-13 07:21:25,2025-12-16 15:56:48,2025-12-17 14:23:02,2025-12-18 00:10:26,15.0,9.79
RAKE-20250964,Steel,Port C,Plant A1,Coal,57,2026-03-21 21:05:09,2026-03-25 01:17:13,2026-03-25 19:32:04,2026-03-26 01:51:16,10.0,6.32
RAKE-20250965,Steel,Port C,Plant A2,Coal,45,2026-06-05 06:01:47,2026-06-07 15:15:17,2026-06-08 14:12:35,2026-06-08 21:40:47,10.0,7.47
RAKE-20250966,Steel,Port A,Plant A2,Coal,52,2026-06-27 11:56:12,2026-06-30 19:29:40,2026-07-01 18:12:52,2026-07-02 09:55:28,10.0,15.71
RAKE-20250967,Power,Port B,Plant B1,Coal,59,2026-03-09 13:27:00,2026-03-12 14:45:09,2026-03-13 03:31:44,2026-03-13 11:50:56,10.0,8.32
RAKE-20250968,Steel,Port A,Plant A3,Coal,49,2026-07-01 20:43:45,2026-07-04 02:51:04,2026-07-05 02:50:50,2026-07-05 10:40:02,10.0,7.82
RAKE-20250969,Power,Port B,Plant B1,Coal,51,2026-07-14 00:25:56,2026-07-16 10:56:42,2026-07-17 07:16:52,2026-07-17 14:47:28,10.0,7.51
RAKE-20250970,Power,Port B,Plant B3,Coal,46,2025-11-17 18:23:01,2025-11-20 21:59:39,2025-11-21 15:14:43,2025-11-21 23:03:55,10.0,7.82
RAKE-20250971,Power,Port A,Plant B3,Coal,58,2026-05-15 18:28:32,2026-05-17 20:30:53,2026-05-18 12:57:51,2026-05-19 07:56:39,10.0,18.98
RAKE-20250972,Mining,Port D,Plant C3,Iron Ore,52,2025-10-15 10:57:55,2025-10-17 22:11:49,2025-10-18 18:26:39,2025-10-19 00:36:15,10.0,6.16
RAKE-20250973,Power,Port D,Plant B3,Coal,56,2025-10-29 09:03:31,2025-10-30 16:06:18,2025-10-31 09:42:32,2025-10-31 18:37:44,10.0,8.92
RAKE-20250974,Steel,Port C,Plant A3,Iron Ore,54,2026-08-26 23:20:27,2026-08-28 06:28:54,2026-08-29 04:49:05,2026-08-29 21:05:53,10.0,16.28
RAKE-20250975,Steel,Port B,Plant A2,Limestone,56,2025-10-19 03:29:00,2025-10-20 09:33:03,2025-10-21 00:34:19,2025-10-21 14:59:31,15.0,14.42
RAKE-20250976,Steel,Port D,Plant A2,Limestone,59,2025-12-06 12:50:04,2025-12-09 23:36:54,2025-12-10 14:14:43,2025-12-11 14:41:07,15.0,24.44
RAKE-20250977,Power,Port A,Plant B3,Coal,48,2025-10-07 21:33:53,2025-10-09 06:18:38,2025-10-10 03:03:03,2025-10-10 10:45:39,10.0,7.71
RAKE-20250978,Steel,Port C,Plant A2,Iron Ore,55,2025-10-04 05:12:22,2025-10-05 10:07:36,2025-10-06 05:20:22,2025-10-06 11:35:58,10.0,6.26
RAKE-20250979,Power,Port A,Plant B2,Coal,56,2026-02-13 00:45:01,2026-02-16 06:06:19,2026-02-17 02:43:32,2026-02-17 09:56:44,10.0,7.22
RAKE-20250980,Power,Port C,Plant B3,Coal,55,2026-04-02 09:00:04,2026-04-04 20:39:23,2026-04-05 16:43:20,2026-04-06 00:49:56,10.0,8.11
RAKE-20250981,Steel,Port A,Plant A1,Limestone,58,2025-09-09 14:30:56,2025-09-10 17:16:18,2025-09-11 05:36:53,2025-09-12 13:06:53,15.0,31.5
RAKE-20250982,Power,Port D,Plant B2,Coal,56,2025-10-27 07:47:39,2025-10-29 14:53:57,2025-10-30 05:49:15,2025-10-31 02:07:51,10.0,20.31
RAKE-20250983,Steel,Port D,Plant A3,Coal,47,2026-07-25 09:33:20,2026-07-26 12:10:59,2026-07-27 04:43:15,2026-07-27 12:30:03,10.0,7.78
RAKE-20250984,Steel,Port A,Plant A3,Coal,46,2026-05-28 13:51:34,2026-05-29 23:04:24,2026-05-30 12:23:30,2026-05-30 21:25:54,10.0,9.04
RAKE-20250985,Power,Port B,Plant B1,Coal,49,2025-12-18 03:51:43,2025-12-20 14:28:22,2025-12-21 11:56:46,2025-12-22 03:26:46,10.0,15.5
RAKE-20250986,Power,Port D,Plant B2,Coal,54,2026-01-29 23:01:49,2026-02-01 01:36:35,2026-02-01 21:32:31,2026-02-02 12:31:19,10.0,14.98
RAKE-20250987,Power,Port B,Plant B1,Coal,59,2026-05-01 17:57:35,2026-05-04 02:03:21,2026-05-04 20:44:44,2026-05-05 03:18:20,10.0,6.56
RAKE-20250988,Steel,Port D,Plant A2,Coal,46,2026-08-15 16:52:02,2026-08-16 17:52:58,2026-08-17 12:36:08,2026-08-17 20:06:08,10.0,7.5
RAKE-20250989,Steel,Port C,Plant A1,Iron Ore,56,2026-06-06 10:46:24,2026-06-07 11:56:42,2026-06-08 02:28:19,2026-06-08 08:46:55,10.0,6.31
RAKE-20250990,Mining,Port B,Plant C2,Bauxite,56,2026-07-08 07:41:18,2026-07-11 18:35:19,2026-07-12 17:42:05,2026-07-13 15:33:05,15.0,21.85
RAKE-20250991,Power,Port A,Plant B2,Coal,56,2025-09-21 23:49:13,2025-09-24 11:10:26,2025-09-25 09:22:05,2025-09-25 15:22:41,10.0,6.01
RAKE-20250992,Power,Port A,Plant B3,Coal,51,2026-03-27 07:16:29,2026-03-30 13:37:37,2026-03-31 11:59:04,2026-03-31 20:38:40,10.0,8.66
RAKE-20250993,Steel,Port C,Plant A1,Iron Ore,58,2026-02-27 07:29:48,2026-02-28 10:59:16,2026-03-01 00:32:15,2026-03-02 03:27:27,10.0,26.92
RAKE-20250994,Power,Port B,Plant B3,Coal,49,2026-05-31 22:42:47,2026-06-04 02:25:45,2026-06-05 02:09:18,2026-06-05 09:22:30,10.0,7.22
RAKE-20250995,Steel,Port B,Plant A2,Limestone,58,2025-11-22 09:58:44,2025-11-25 19:38:12,2025-11-26 11:24:30,2025-11-26 19:42:30,15.0,8.3
RAKE-20250996,Steel,Port B,Plant A2,Coal,45,2026-08-08 21:59:13,2026-08-12 01:23:52,2026-08-12 22:02:48,2026-08-13 04:26:12,10.0,6.39
RAKE-20250997,Mining,Port C,Plant C2,Iron Ore,53,2026-06-12 18:15:05,2026-06-13 23:55:20,2026-06-14 13:32:56,2026-06-14 20:19:08,10.0,6.77
RAKE-20250998,Steel,Port D,Plant A3,Coal,52,2026-04-26 01:58:56,2026-04-29 06:29:22,2026-04-30 06:24:12,2026-04-30 12:59:36,10.0,6.59
RAKE-20250999,Mining,Port D,Plant C1,Iron Ore,56,2025-11-29 19:52:35,2025-12-01 22:28:51,2025-12-02 21:56:20,2025-12-03 03:45:32,10.0,5.82
RAKE-20251000,Steel,Port B,Plant A1,Limestone,54,2025-09-22 00:55:47,2025-09-24 07:19:15,2025-09-24 20:21:36,2025-09-25 01:58:48,15.0,5.62
RAKE-20251001,Steel,Port D,Plant A2,Iron Ore,56,2026-06-05 08:07:46,2026-06-08 12:01:29,2026-06-09 04:04:55,2026-06-09 11:51:07,10.0,7.77
RAKE-20251002,Power,Port C,Plant B3,Coal,45,2026-01-07 02:48:52,2026-01-10 06:15:44,2026-01-11 02:46:18,2026-01-12 02:13:54,10.0,23.46
RAKE-20251003,Mining,Port C,Plant C1,Bauxite,45,2026-08-05 15:48:07,2026-08-09 02:26:36,2026-08-10 00:40:08,2026-08-10 18:31:44,15.0,17.86
RAKE-20251004,Power,Port D,Plant B2,Coal,56,2026-07-20 02:11:44,2026-07-22 03:35:55,2026-07-22 22:45:33,2026-07-23 07:53:21,10.0,9.13
RAKE-20251005,Mining,Port A,Plant C1,Iron Ore,59,2025-10-16 03:27:40,2025-10-19 09:34:15,2025-10-20 02:39:39,2025-10-20 09:15:03,10.0,6.59
RAKE-20251006,Power,Port A,Plant B1,Coal,59,2026-04-24 02:01:23,2026-04-26 07:17:24,2026-04-27 02:57:06,2026-04-27 09:29:30,10.0,6.54
RAKE-20251007,Power,Port D,Plant B1,Coal,59,2025-09-13 22:57:10,2025-09-16 08:56:16,2025-09-17 03:08:29,2025-09-17 10:36:05,10.0,7.46
RAKE-20251008,Mining,Port B,Plant C1,Bauxite,58,2026-06-27 19:07:25,2026-06-28 20:25:58,2026-06-29 20:11:18,2026-06-30 07:18:30,15.0,11.12
RAKE-20251009,Steel,Port D,Plant A3,Iron Ore,46,2026-05-11 01:43:29,2026-05-14 04:20:05,2026-05-14 18:00:44,2026-05-15 01:13:20,10.0,7.21
RAKE-20251010,Power,Port D,Plant B3,Coal,55,2026-07-11 01:47:20,2026-07-14 08:23:37,2026-07-15 02:31:23,2026-07-15 08:24:47,10.0,5.89
RAKE-20251011,Steel,Port A,Plant A3,Limestone,49,2026-05-20 04:59:39,2026-05-21 06:09:05,2026-05-22 04:59:53,2026-05-22 13:14:53,15.0,8.25
RAKE-20251012,Mining,Port D,Plant C3,Bauxite,50,2026-03-10 03:02:28,2026-03-11 14:01:15,2026-03-12 05:11:19,2026-03-12 15:20:55,15.0,10.16
RAKE-20251013,Mining,Port B,Plant C2,Bauxite,56,2026-06-11 15:24:27,2026-06-12 16:33:20,2026-06-13 07:00:39,2026-06-14 10:37:15,15.0,27.61
RAKE-20251014,Steel,Port B,Plant A2,Coal,54,2026-07-21 01:47:01,2026-07-24 09:20:52,2026-07-24 22:49:15,2026-07-25 07:03:03,10.0,8.23
RAKE-20251015,Power,Port C,Plant B2,Coal,59,2026-05-19 00:14:18,2026-05-21 05:23:07,2026-05-22 04:26:51,2026-05-22 10:20:15,10.0,5.89
RAKE-20251016,Mining,Port D,Plant C3,Iron Ore,46,2026-03-29 17:31:05,2026-04-02 00:17:23,2026-04-02 21:23:27,2026-04-03 06:16:51,10.0,8.89
RAKE-20251017,Steel,Port A,Plant A1,Coal,49,2025-09-18 10:45:22,2025-09-20 18:38:34,2025-09-21 11:37:57,2025-09-22 12:34:21,10.0,24.94
RAKE-20251018,Power,Port B,Plant B1,Coal,59,2026-01-08 18:25:27,2026-01-12 03:05:06,2026-01-12 18:48:08,2026-01-13 22:16:20,10.0,27.47
RAKE-20251019,Mining,Port C,Plant C2,Bauxite,52,2026-07-08 07:58:21,2026-07-11 19:24:33,2026-07-12 11:41:42,2026-07-13 00:03:54,15.0,12.37
RAKE-20251020,Steel,Port C,Plant A2,Iron Ore,46,2026-03-12 12:35:40,2026-03-15 21:19:35,2026-03-16 10:22:02,2026-03-16 16:10:38,10.0,5.81
RAKE-20251021,Power,Port C,Plant B1,Coal,49,2026-05-26 06:37:23,2026-05-27 11:28:51,2026-05-28 02:45:41,2026-05-28 08:33:41,10.0,5.8
RAKE-20251022,Steel,Port A,Plant A1,Iron Ore,54,2026-08-14 21:57:50,2026-08-18 06:30:03,2026-08-18 18:49:29,2026-08-19 03:24:17,10.0,8.58
RAKE-20251023,Mining,Port A,Plant C3,Bauxite,50,2025-11-10 20:53:56,2025-11-11 22:20:28,2025-11-12 19:29:02,2025-11-13 09:02:38,15.0,13.56
RAKE-20251024,Mining,Port B,Plant C3,Iron Ore,47,2026-08-12 22:34:15,2026-08-16 08:49:43,2026-08-16 22:25:10,2026-08-17 13:13:46,10.0,14.81
RAKE-20251025,Mining,Port D,Plant C1,Bauxite,57,2026-01-09 20:57:50,2026-01-11 04:02:56,2026-01-11 18:35:13,2026-01-12 05:25:37,15.0,10.84
RAKE-20251026,Power,Port A,Plant B2,Coal,54,2026-06-13 10:15:43,2026-06-15 21:43:43,2026-06-16 18:25:26,2026-06-17 19:12:14,10.0,24.78
RAKE-20251027,Mining,Port A,Plant C3,Iron Ore,49,2025-12-31 08:46:34,2026-01-03 20:09:47,2026-01-04 08:23:41,2026-01-04 16:50:41,10.0,8.45
RAKE-20251028,Mining,Port D,Plant C2,Iron Ore,46,2025-11-18 14:15:12,2025-11-19 20:54:03,2025-11-20 10:52:08,2025-11-20 17:28:08,10.0,6.6
RAKE-20251029,Steel,Port A,Plant A2,Limestone,56,2026-07-17 23:29:16,2026-07-19 08:56:23,2026-07-20 00:24:20,2026-07-21 02:41:08,15.0,26.28
RAKE-20251030,Mining,Port D,Plant C3,Iron Ore,54,2026-03-19 11:35:26,2026-03-20 14:40:38,2026-03-21 06:43:53,2026-03-21 14:01:53,10.0,7.3
RAKE-20251031,Steel,Port C,Plant A1,Coal,48,2025-12-05 20:13:55,2025-12-07 03:42:27,2025-12-07 18:23:22,2025-12-08 02:34:46,10.0,8.19
RAKE-20251032,Power,Port D,Plant B1,Coal,58,2026-08-22 05:24:15,2026-08-24 16:12:33,2026-08-25 09:36:12,2026-08-25 18:23:36,10.0,8.79
RAKE-20251033,Steel,Port A,Plant A3,Iron Ore,55,2025-11-28 11:28:23,2025-11-29 14:27:05,2025-11-30 06:37:13,2025-11-30 12:51:01,10.0,6.23
RAKE-20251034,Steel,Port A,Plant A1,Coal,45,2025-12-27 21:24:27,2025-12-29 07:12:51,2025-12-30 06:52:48,2025-12-31 02:48:36,10.0,19.93
RAKE-20251035,Steel,Port C,Plant A2,Coal,54,2025-10-10 11:29:29,2025-10-11 23:00:50,2025-10-12 15:42:33,2025-10-13 00:06:33,10.0,8.4
RAKE-20251036,Power,Port D,Plant B2,Coal,51,2026-03-23 12:09:40,2026-03-24 17:56:44,2026-03-25 10:49:05,2026-03-26 17:12:29,10.0,30.39
RAKE-20251037,Steel,Port C,Plant A1,Coal,48,2025-09-06 22:15:35,2025-09-09 08:14:48,2025-09-09 21:34:22,2025-09-10 17:13:58,10.0,19.66
RAKE-20251038,Power,Port A,Plant B3,Coal,56,2025-09-17 15:55:59,2025-09-19 17:37:46,2025-09-20 17:27:40,2025-09-21 08:31:16,10.0,15.06
RAKE-20251039,Steel,Port C,Plant A2,Iron Ore,55,2025-10-19 22:58:05,2025-10-23 07:33:51,2025-10-23 20:55:54,2025-10-24 04:14:30,10.0,7.31
RAKE-20251040,Steel,Port C,Plant A1,Iron Ore,48,2025-11-30 03:36:07,2025-12-01 07:59:58,2025-12-01 23:46:58,2025-12-02 07:21:46,10.0,7.58
RAKE-20251041,Power,Port C,Plant B2,Coal,50,2026-03-22 03:34:23,2026-03-23 10:11:51,2026-03-24 05:50:02,2026-03-25 09:38:02,10.0,27.8
RAKE-20251042,Power,Port C,Plant B3,Coal,55,2026-04-20 00:24:48,2026-04-22 03:16:41,2026-04-23 00:21:26,2026-04-23 06:25:02,10.0,6.06
RAKE-20251043,Steel,Port D,Plant A3,Iron Ore,47,2026-05-11 16:52:34,2026-05-13 01:42:53,2026-05-13 14:32:59,2026-05-13 22:43:11,10.0,8.17
RAKE-20251044,Power,Port C,Plant B1,Coal,46,2025-11-01 16:38:58,2025-11-05 02:37:09,2025-11-06 01:38:22,2025-11-06 08:22:46,10.0,6.74
RAKE-20251045,Mining,Port A,Plant C2,Bauxite,53,2026-03-31 03:57:50,2026-04-01 15:54:54,2026-04-02 11:08:31,2026-04-03 00:31:55,15.0,13.39
RAKE-20251046,Power,Port B,Plant B2,Coal,53,2026-02-14 03:20:20,2026-02-15 13:52:50,2026-02-16 02:05:56,2026-02-16 09:50:56,10.0,7.75
RAKE-20251047,Steel,Port A,Plant A3,Iron Ore,54,2025-09-26 04:48:25,2025-09-28 08:22:36,2025-09-29 02:53:08,2025-09-29 11:38:08,10.0,8.75
RAKE-20251048,Steel,Port B,Plant A3,Limestone,45,2026-01-07 04:00:19,2026-01-10 14:31:01,2026-01-11 13:37:44,2026-01-12 03:55:44,15.0,14.3
RAKE-20251049,Mining,Port B,Plant C1,Iron Ore,51,2026-07-20 11:29:24,2026-07-22 13:22:29,2026-07-23 03:15:10,2026-07-23 20:10:58,10.0,16.93
RAKE-20251050,Steel,Port A,Plant A1,Limestone,57,2026-08-20 18:15:39,2026-08-24 01:11:40,2026-08-24 19:24:27,2026-08-25 04:36:27,15.0,9.2
RAKE-20251051,Mining,Port B,Plant C2,Bauxite,53,2026-04-03 04:34:41,2026-04-05 15:47:33,2026-04-06 15:30:12,2026-04-07 11:45:12,15.0,20.25
RAKE-20251052,Power,Port A,Plant B2,Coal,55,2026-07-18 15:37:46,2026-07-20 00:58:29,2026-07-20 14:08:45,2026-07-21 05:53:45,10.0,15.75
RAKE-20251053,Mining,Port D,Plant C2,Bauxite,47,2026-07-19 00:14:31,2026-07-20 10:20:26,2026-07-21 08:08:46,2026-07-22 12:20:46,15.0,28.2
RAKE-20251054,Power,Port D,Plant B2,Coal,56,2025-10-11 22:01:39,2025-10-14 08:08:59,2025-10-15 04:54:21,2025-10-15 13:44:09,10.0,8.83
RAKE-20251055,Mining,Port A,Plant C3,Bauxite,55,2025-09-11 10:33:08,2025-09-12 13:26:33,2025-09-13 05:44:25,2025-09-14 02:15:01,15.0,20.51
RAKE-20251056,Steel,Port D,Plant A1,Limestone,58,2026-03-25 16:26:41,2026-03-28 17:44:57,2026-03-29 07:25:22,2026-03-29 17:19:22,15.0,9.9
RAKE-20251057,Power,Port B,Plant B2,Coal,46,2026-06-08 05:56:13,2026-06-11 07:22:47,2026-06-11 22:12:39,2026-06-12 12:54:39,10.0,14.7
RAKE-20251058,Steel,Port A,Plant A3,Coal,45,2025-09-03 02:15:00,2025-09-05 03:43:20,2025-09-05 20:51:29,2025-09-06 05:22:41,10.0,8.52
RAKE-20251059,Power,Port A,Plant B1,Coal,50,2026-07-20 04:34:25,2026-07-22 07:49:21,2026-07-22 22:41:13,2026-07-23 17:01:37,10.0,18.34
RAKE-20251060,Power,Port B,Plant B1,Coal,49,2025-09-08 17:59:39,2025-09-11 19:31:53,2025-09-12 18:04:00,2025-09-13 13:19:00,10.0,19.25
RAKE-20251061,Mining,Port C,Plant C1,Bauxite,48,2026-08-23 03:14:49,2026-08-24 08:20:04,2026-08-24 23:53:48,2026-08-25 11:03:24,15.0,11.16
RAKE-20251062,Mining,Port C,Plant C3,Iron Ore,55,2026-07-18 13:37:26,2026-07-20 20:59:13,2026-07-21 20:50:17,2026-07-22 05:17:53,10.0,8.46
RAKE-20251063,Power,Port A,Plant B2,Coal,52,2025-10-23 10:40:47,2025-10-24 19:07:43,2025-10-25 14:10:22,2025-10-26 07:25:22,10.0,17.25
RAKE-20251064,Steel,Port A,Plant A2,Coal,48,2026-02-12 14:30:37,2026-02-15 16:07:21,2026-02-16 13:44:03,2026-02-16 20:41:39,10.0,6.96
RAKE-20251065,Steel,Port B,Plant A3,Iron Ore,46,2026-08-10 11:57:26,2026-08-12 13:47:21,2026-08-13 07:20:35,2026-08-14 11:29:35,10.0,28.15
RAKE-20251066,Power,Port A,Plant B3,Coal,47,2026-08-04 18:48:17,2026-08-06 01:33:35,2026-08-07 00:39:02,2026-08-07 07:46:14,10.0,7.12
RAKE-20251067,Steel,Port A,Plant A1,Coal,47,2026-08-04 09:32:27,2026-08-07 12:48:52,2026-08-08 04:53:54,2026-08-08 11:37:06,10.0,6.72
RAKE-20251068,Steel,Port A,Plant A1,Limestone,55,2026-06-07 23:05:16,2026-06-11 00:12:12,2026-06-11 21:20:36,2026-06-13 00:06:12,15.0,26.76
RAKE-20251069,Steel,Port D,Plant A1,Limestone,56,2025-09-19 18:36:36,2025-09-21 05:29:46,2025-09-22 00:37:06,2025-09-22 06:23:54,15.0,5.78
RAKE-20251070,Steel,Port D,Plant A2,Limestone,49,2026-05-04 05:05:42,2026-05-07 14:53:36,2026-05-08 10:13:10,2026-05-09 06:56:22,15.0,20.72
RAKE-20251071,Steel,Port B,Plant A3,Iron Ore,49,2026-08-16 02:47:22,2026-08-17 05:15:28,2026-08-17 20:42:26,2026-08-18 05:08:50,10.0,8.44
RAKE-20251072,Steel,Port D,Plant A2,Coal,54,2025-09-15 23:22:33,2025-09-17 05:47:23,2025-09-17 21:51:05,2025-09-18 06:25:53,10.0,8.58
RAKE-20251073,Steel,Port B,Plant A3,Limestone,47,2026-02-04 03:09:44,2026-02-07 07:54:20,2026-02-07 23:46:35,2026-02-08 05:39:59,15.0,5.89
RAKE-20251074,Steel,Port B,Plant A1,Limestone,58,2026-06-25 21:09:19,2026-06-29 08:40:36,2026-06-30 07:19:03,2026-06-30 15:16:39,15.0,7.96
RAKE-20251075,Mining,Port A,Plant C1,Bauxite,50,2026-01-27 12:23:04,2026-01-29 13:51:19,2026-01-30 13:51:14,2026-01-31 22:45:50,15.0,32.91
RAKE-20251076,Steel,Port C,Plant A2,Iron Ore,51,2026-07-05 06:39:40,2026-07-06 14:05:50,2026-07-07 04:40:32,2026-07-07 14:08:44,10.0,9.47
RAKE-20251077,Steel,Port D,Plant A1,Limestone,47,2026-05-08 00:38:20,2026-05-10 12:20:45,2026-05-11 03:29:31,2026-05-11 13:53:31,15.0,10.4
RAKE-20251078,Power,Port C,Plant B1,Coal,45,2025-09-27 19:21:29,2025-09-29 04:14:54,2025-09-29 17:30:42,2025-09-29 23:03:42,10.0,5.55
RAKE-20251079,Steel,Port B,Plant A1,Iron Ore,58,2026-04-11 07:52:36,2026-04-12 17:18:13,2026-04-13 10:38:49,2026-04-14 05:10:37,10.0,18.53
RAKE-20251080,Mining,Port C,Plant C3,Iron Ore,52,2026-05-08 02:30:24,2026-05-11 07:29:03,2026-05-12 06:40:25,2026-05-12 12:23:37,10.0,5.72
RAKE-20251081,Power,Port A,Plant B3,Coal,59,2025-11-23 14:12:49,2025-11-25 17:38:34,2025-11-26 07:29:25,2025-11-27 14:37:49,10.0,31.14
RAKE-20251082,Steel,Port D,Plant A1,Iron Ore,50,2026-02-17 06:51:57,2026-02-18 14:16:18,2026-02-19 07:51:32,2026-02-19 14:35:56,10.0,6.74
RAKE-20251083,Steel,Port B,Plant A3,Limestone,49,2026-02-24 09:45:26,2026-02-25 17:13:33,2026-02-26 07:58:44,2026-02-26 22:19:08,15.0,14.34
RAKE-20251084,Mining,Port B,Plant C1,Iron Ore,53,2026-02-19 01:33:35,2026-02-21 06:26:59,2026-02-22 00:44:54,2026-02-23 05:49:06,10.0,29.07
RAKE-20251085,Mining,Port C,Plant C2,Bauxite,50,2026-08-16 05:43:11,2026-08-18 12:59:52,2026-08-19 06:18:33,2026-08-19 16:53:57,15.0,10.59
RAKE-20251086,Power,Port C,Plant B2,Coal,51,2025-09-23 18:12:00,2025-09-24 23:01:12,2025-09-25 13:15:52,2025-09-25 18:56:04,10.0,5.67
RAKE-20251087,Power,Port A,Plant B2,Coal,56,2026-01-18 23:18:12,2026-01-20 09:40:45,2026-01-21 01:47:04,2026-01-21 08:20:04,10.0,6.55
RAKE-20251088,Steel,Port C,Plant A2,Limestone,52,2025-11-04 20:14:37,2025-11-07 02:19:53,2025-11-07 19:21:31,2025-11-08 02:20:19,15.0,6.98
RAKE-20251089,Mining,Port A,Plant C2,Iron Ore,45,2025-10-20 07:05:10,2025-10-23 19:01:42,2025-10-24 16:51:29,2025-10-25 14:12:29,10.0,21.35
RAKE-20251090,Steel,Port C,Plant A3,Limestone,59,2026-01-22 16:53:24,2026-01-25 21:12:56,2026-01-26 19:32:29,2026-01-27 09:27:41,15.0,13.92
RAKE-20251091,Mining,Port D,Plant C1,Bauxite,45,2026-04-16 16:13:46,2026-04-19 02:29:02,2026-04-19 22:36:36,2026-04-20 23:04:48,15.0,24.47
RAKE-20251092,Power,Port D,Plant B1,Coal,59,2026-02-26 05:48:08,2026-02-27 10:51:54,2026-02-28 09:31:47,2026-02-28 16:32:59,10.0,7.02
RAKE-20251093,Power,Port C,Plant B1,Coal,46,2026-04-25 06:09:11,2026-04-27 15:43:27,2026-04-28 06:00:48,2026-04-28 12:50:36,10.0,6.83
RAKE-20251094,Power,Port B,Plant B1,Coal,49,2026-01-26 21:43:33,2026-01-29 06:59:46,2026-01-29 19:12:26,2026-01-30 11:03:26,10.0,15.85
RAKE-20251095,Steel,Port A,Plant A3,Coal,47,2026-07-15 20:08:19,2026-07-18 03:08:52,2026-07-18 17:46:09,2026-07-19 02:25:09,10.0,8.65
RAKE-20251096,Steel,Port C,Plant A3,Iron Ore,50,2025-09-11 11:58:04,2025-09-14 15:21:23,2025-09-15 15:10:03,2025-09-16 00:16:03,10.0,9.1
RAKE-20251097,Steel,Port A,Plant A2,Iron Ore,45,2026-01-24 22:11:31,2026-01-26 05:16:31,2026-01-27 01:03:36,2026-01-27 07:39:00,10.0,6.59
RAKE-20251098,Steel,Port B,Plant A3,Coal,46,2025-10-01 02:30:44,2025-10-02 05:33:12,2025-10-03 02:44:02,2025-10-03 09:04:26,10.0,6.34
RAKE-20251099,Power,Port A,Plant B1,Coal,51,2025-12-21 05:13:50,2025-12-23 08:04:46,2025-12-24 00:13:30,2025-12-24 05:53:42,10.0,5.67
RAKE-20251100,Steel,Port A,Plant A3,Coal,51,2026-04-25 21:10:54,2026-04-27 23:37:52,2026-04-28 16:13:36,2026-04-28 22:29:12,10.0,6.26
RAKE-20251101,Steel,Port C,Plant A2,Coal,52,2026-03-27 09:30:22,2026-03-28 14:46:38,2026-03-29 05:50:19,2026-03-29 11:23:19,10.0,5.55
RAKE-20251102,Mining,Port A,Plant C3,Iron Ore,56,2026-03-18 11:19:21,2026-03-20 23:11:29,2026-03-21 16:27:09,2026-03-21 23:34:57,10.0,7.13
RAKE-20251103,Mining,Port C,Plant C1,Iron Ore,55,2025-10-05 18:53:02,2025-10-07 05:57:16,2025-10-08 04:11:04,2025-10-08 11:03:16,10.0,6.87
RAKE-20251104,Mining,Port B,Plant C2,Bauxite,54,2025-10-10 07:40:33,2025-10-11 16:07:11,2025-10-12 10:37:01,2025-10-12 20:55:37,15.0,10.31
RAKE-20251105,Mining,Port A,Plant C2,Bauxite,52,2026-02-03 09:39:05,2026-02-04 20:49:45,2026-02-05 11:48:06,2026-02-05 18:59:30,15.0,7.19
RAKE-20251106,Steel,Port B,Plant A3,Limestone,49,2026-04-03 01:08:43,2026-04-04 11:44:39,2026-04-05 03:21:39,2026-04-05 17:25:51,15.0,14.07
RAKE-20251107,Steel,Port A,Plant A2,Coal,57,2026-03-26 06:42:07,2026-03-28 13:57:09,2026-03-29 06:44:01,2026-03-30 03:58:25,10.0,21.24
RAKE-20251108,Power,Port A,Plant B3,Coal,51,2026-02-22 15:34:39,2026-02-24 02:07:50,2026-02-24 19:47:44,2026-02-25 03:30:20,10.0,7.71
RAKE-20251109,Power,Port C,Plant B3,Coal,56,2025-09-07 12:59:30,2025-09-08 23:50:45,2025-09-09 23:19:14,2025-09-10 16:59:26,10.0,17.67
RAKE-20251110,Steel,Port A,Plant A1,Iron Ore,52,2026-07-18 19:53:27,2026-07-22 07:04:40,2026-07-23 00:32:42,2026-07-23 07:35:06,10.0,7.04
RAKE-20251111,Mining,Port D,Plant C1,Iron Ore,59,2025-11-22 01:19:10,2025-11-25 12:19:33,2025-11-26 03:01:56,2025-11-26 09:16:56,10.0,6.25
RAKE-20251112,Steel,Port A,Plant A1,Coal,47,2026-03-21 01:14:45,2026-03-22 03:41:14,2026-03-22 19:48:19,2026-03-23 01:51:55,10.0,6.06
RAKE-20251113,Steel,Port A,Plant A2,Coal,55,2026-02-08 00:15:55,2026-02-10 01:27:06,2026-02-10 19:43:00,2026-02-11 02:10:36,10.0,6.46
RAKE-20251114,Power,Port C,Plant B1,Coal,56,2025-11-16 14:12:41,2025-11-19 01:00:25,2025-11-19 16:34:10,2025-11-20 01:14:58,10.0,8.68
RAKE-20251115,Power,Port B,Plant B1,Coal,45,2026-01-27 09:18:03,2026-01-29 14:53:46,2026-01-30 12:01:07,2026-01-30 20:11:55,10.0,8.18
RAKE-20251116,Power,Port A,Plant B3,Coal,46,2025-11-23 11:45:53,2025-11-25 20:16:52,2025-11-26 18:58:57,2025-11-27 01:22:57,10.0,6.4
RAKE-20251117,Steel,Port B,Plant A1,Limestone,55,2026-05-12 11:16:52,2026-05-14 17:48:18,2026-05-15 13:33:15,2026-05-16 09:13:27,15.0,19.67
RAKE-20251118,Mining,Port A,Plant C1,Iron Ore,51,2026-03-27 06:56:26,2026-03-28 11:07:39,2026-03-29 01:55:15,2026-03-29 10:47:27,10.0,8.87
RAKE-20251119,Steel,Port D,Plant A2,Iron Ore,51,2026-03-09 18:55:52,2026-03-13 05:39:09,2026-03-13 20:02:40,2026-03-14 04:35:40,10.0,8.55
RAKE-20251120,Steel,Port B,Plant A1,Limestone,54,2025-11-12 15:37:17,2025-11-14 02:58:38,2025-11-14 20:54:18,2025-11-15 16:14:42,15.0,19.34
RAKE-20251121,Mining,Port C,Plant C2,Iron Ore,51,2026-05-05 20:15:35,2026-05-07 07:06:47,2026-05-07 21:22:16,2026-05-08 06:39:40,10.0,9.29
RAKE-20251122,Mining,Port D,Plant C2,Iron Ore,46,2025-09-26 05:29:00,2025-09-27 08:44:22,2025-09-28 05:19:30,2025-09-28 14:30:18,10.0,9.18
RAKE-20251123,Mining,Port B,Plant C2,Iron Ore,45,2025-12-03 05:53:41,2025-12-06 17:02:52,2025-12-07 08:57:28,2025-12-07 23:17:16,10.0,14.33
RAKE-20251124,Mining,Port D,Plant C3,Bauxite,49,2026-05-02 03:17:54,2026-05-03 05:01:15,2026-05-03 20:00:35,2026-05-04 18:44:59,15.0,22.74
RAKE-20251125,Power,Port B,Plant B1,Coal,57,2026-02-03 21:29:33,2026-02-05 08:29:29,2026-02-06 01:07:26,2026-02-07 02:17:02,10.0,25.16
RAKE-20251126,Power,Port D,Plant B2,Coal,57,2026-05-06 20:54:09,2026-05-10 00:20:56,2026-05-10 23:46:30,2026-05-11 08:55:30,10.0,9.15
RAKE-20251127,Steel,Port A,Plant A3,Coal,48,2026-02-11 01:00:09,2026-02-13 03:39:08,2026-02-14 01:03:33,2026-02-14 06:45:33,10.0,5.7
RAKE-20251128,Steel,Port C,Plant A3,Iron Ore,50,2026-04-08 08:43:22,2026-04-11 20:03:01,2026-04-12 15:20:18,2026-04-13 10:03:30,10.0,18.72
RAKE-20251129,Steel,Port B,Plant A1,Iron Ore,50,2026-04-06 23:34:26,2026-04-10 08:53:09,2026-04-11 05:37:58,2026-04-11 12:27:46,10.0,6.83
RAKE-20251130,Steel,Port B,Plant A2,Coal,56,2026-05-10 00:41:29,2026-05-13 06:41:57,2026-05-14 01:06:01,2026-05-14 08:46:49,10.0,7.68
RAKE-20251131,Power,Port C,Plant B2,Coal,55,2025-12-24 15:07:16,2025-12-25 22:32:18,2025-12-26 16:16:30,2025-12-27 01:08:42,10.0,8.87
RAKE-20251132,Power,Port C,Plant B3,Coal,45,2025-11-04 01:21:22,2025-11-06 06:43:02,2025-11-06 20:33:41,2025-11-07 05:05:29,10.0,8.53
RAKE-20251133,Steel,Port A,Plant A2,Iron Ore,57,2026-03-17 03:56:47,2026-03-19 10:29:24,2026-03-20 00:55:41,2026-03-20 08:11:53,10.0,7.27
RAKE-20251134,Steel,Port A,Plant A1,Limestone,47,2025-09-13 05:57:23,2025-09-14 14:43:48,2025-09-15 05:02:35,2025-09-15 12:55:59,15.0,7.89
RAKE-20251135,Power,Port C,Plant B1,Coal,58,2026-06-06 10:13:00,2026-06-07 14:33:46,2026-06-08 10:24:56,2026-06-08 19:14:44,10.0,8.83
RAKE-20251136,Steel,Port C,Plant A2,Limestone,49,2026-07-29 08:53:51,2026-08-01 12:26:23,2026-08-02 01:28:21,2026-08-02 15:30:09,15.0,14.03
RAKE-20251137,Mining,Port D,Plant C3,Bauxite,53,2025-10-28 17:02:44,2025-10-31 01:37:39,2025-10-31 14:25:05,2025-11-01 15:16:05,15.0,24.85
RAKE-20251138,Power,Port C,Plant B2,Coal,45,2026-04-16 10:03:51,2026-04-19 20:51:27,2026-04-20 14:31:08,2026-04-20 23:04:44,10.0,8.56
RAKE-20251139,Power,Port D,Plant B2,Coal,48,2026-02-05 19:59:55,2026-02-09 00:59:56,2026-02-09 19:57:39,2026-02-10 04:08:27,10.0,8.18
RAKE-20251140,Power,Port C,Plant B2,Coal,52,2025-10-22 13:27:15,2025-10-25 15:18:17,2025-10-26 11:29:32,2025-10-26 17:06:44,10.0,5.62
RAKE-20251141,Mining,Port A,Plant C2,Bauxite,54,2025-09-29 01:01:01,2025-10-02 08:18:42,2025-10-03 06:43:16,2025-10-03 12:36:40,15.0,5.89
RAKE-20251142,Steel,Port A,Plant A2,Coal,46,2026-03-25 17:53:54,2026-03-29 01:55:57,2026-03-29 19:24:59,2026-03-30 01:24:59,10.0,6.0
RAKE-20251143,Power,Port C,Plant B2,Coal,49,2026-03-21 21:41:16,2026-03-24 03:48:45,2026-03-24 16:30:17,2026-03-24 23:58:29,10.0,7.47
RAKE-20251144,Power,Port C,Plant B1,Coal,47,2025-09-26 13:57:20,2025-09-27 16:34:24,2025-09-28 13:45:31,2025-09-29 11:55:07,10.0,22.16
RAKE-20251145,Steel,Port A,Plant A2,Iron Ore,47,2026-01-30 05:36:01,2026-02-01 07:13:45,2026-02-02 02:23:34,2026-02-02 19:00:46,10.0,16.62
RAKE-20251146,Mining,Port B,Plant C1,Iron Ore,50,2025-11-21 00:12:43,2025-11-23 06:21:48,2025-11-24 04:39:34,2025-11-24 11:55:10,10.0,7.26
RAKE-20251147,Power,Port D,Plant B3,Coal,45,2026-06-05 13:37:58,2026-06-06 19:04:22,2026-06-07 10:52:27,2026-06-07 20:00:51,10.0,9.14
RAKE-20251148,Power,Port B,Plant B2,Coal,55,2026-07-30 04:38:31,2026-07-31 13:27:12,2026-08-01 10:35:37,2026-08-01 16:33:13,10.0,5.96
RAKE-20251149,Mining,Port B,Plant C2,Iron Ore,59,2026-01-14 03:51:16,2026-01-15 12:20:26,2026-01-16 03:18:37,2026-01-17 03:15:37,10.0,23.95
RAKE-20251150,Mining,Port B,Plant C1,Bauxite,57,2026-05-23 12:08:43,2026-05-24 16:25:47,2026-05-25 06:20:14,2026-05-26 16:58:02,15.0,34.63
RAKE-20251151,Power,Port A,Plant B1,Coal,47,2025-11-01 00:47:45,2025-11-04 05:09:09,2025-11-05 04:34:14,2025-11-05 12:24:02,10.0,7.83
RAKE-20251152,Mining,Port B,Plant C3,Iron Ore,55,2025-10-13 12:46:11,2025-10-16 19:30:16,2025-10-17 10:49:50,2025-10-17 18:25:14,10.0,7.59
RAKE-20251153,Power,Port B,Plant B1,Coal,46,2026-05-17 19:18:22,2026-05-18 21:06:51,2026-05-19 12:31:16,2026-05-20 05:51:40,10.0,17.34
RAKE-20251154,Power,Port A,Plant B2,Coal,59,2026-07-26 19:45:00,2026-07-28 21:43:49,2026-07-29 09:50:44,2026-07-29 16:51:20,10.0,7.01
RAKE-20251155,Power,Port C,Plant B2,Coal,51,2026-04-11 11:18:14,2026-04-14 13:46:40,2026-04-15 02:50:24,2026-04-15 09:15:00,10.0,6.41
RAKE-20251156,Power,Port B,Plant B1,Coal,55,2026-03-10 01:30:06,2026-03-12 03:34:31,2026-03-12 18:27:38,2026-03-13 03:23:26,10.0,8.93
RAKE-20251157,Steel,Port D,Plant A2,Iron Ore,56,2025-09-03 04:26:02,2025-09-05 09:16:17,2025-09-06 07:13:50,2025-09-06 16:42:02,10.0,9.47
RAKE-20251158,Mining,Port D,Plant C3,Bauxite,47,2026-08-27 06:53:20,2026-08-30 12:01:22,2026-08-31 06:57:16,2026-09-01 07:59:04,15.0,25.03
RAKE-20251159,Mining,Port A,Plant C3,Iron Ore,49,2026-07-27 00:39:22,2026-07-30 03:44:15,2026-07-31 01:26:02,2026-07-31 17:20:38,10.0,15.91
RAKE-20251160,Steel,Port C,Plant A2,Iron Ore,55,2025-11-11 12:48:04,2025-11-13 00:26:11,2025-11-13 20:29:07,2025-11-14 02:06:55,10.0,5.63
RAKE-20251161,Mining,Port B,Plant C3,Bauxite,46,2026-06-28 03:56:57,2026-06-30 15:15:01,2026-07-01 07:03:34,2026-07-01 18:20:22,15.0,11.28
RAKE-20251162,Steel,Port D,Plant A1,Coal,58,2025-09-01 18:46:46,2025-09-05 05:51:46,2025-09-05 20:39:43,2025-09-06 03:06:07,10.0,6.44
RAKE-20251163,Steel,Port A,Plant A2,Iron Ore,56,2025-12-16 20:18:00,2025-12-18 07:25:24,2025-12-19 00:48:47,2025-12-19 07:44:35,10.0,6.93
RAKE-20251164,Power,Port C,Plant B2,Coal,58,2026-05-17 20:03:05,2026-05-19 04:10:54,2026-05-19 20:53:30,2026-05-20 05:10:18,10.0,8.28
RAKE-20251165,Steel,Port C,Plant A1,Limestone,54,2025-11-19 06:38:42,2025-11-22 16:47:43,2025-11-23 08:36:59,2025-11-23 21:11:11,15.0,12.57
RAKE-20251166,Mining,Port A,Plant C1,Bauxite,45,2026-01-04 21:18:15,2026-01-06 23:02:55,2026-01-07 22:58:10,2026-01-08 05:54:34,15.0,6.94
RAKE-20251167,Mining,Port A,Plant C3,Bauxite,58,2025-09-09 00:19:34,2025-09-12 07:46:24,2025-09-13 05:09:58,2025-09-13 12:12:22,15.0,7.04
RAKE-20251168,Power,Port C,Plant B2,Coal,45,2025-09-08 17:29:44,2025-09-09 21:32:33,2025-09-10 13:34:15,2025-09-10 22:36:39,10.0,9.04
RAKE-20251169,Steel,Port C,Plant A1,Iron Ore,49,2026-06-28 12:53:52,2026-06-29 18:38:54,2026-06-30 10:54:43,2026-06-30 19:12:43,10.0,8.3
RAKE-20251170,Steel,Port B,Plant A3,Coal,50,2026-08-22 22:06:16,2026-08-26 05:18:39,2026-08-26 20:02:35,2026-08-27 02:09:11,10.0,6.11
RAKE-20251171,Power,Port C,Plant B2,Coal,59,2026-07-28 21:56:51,2026-07-31 04:47:57,2026-07-31 19:22:06,2026-08-01 02:49:06,10.0,7.45
RAKE-20251172,Mining,Port B,Plant C3,Iron Ore,53,2025-10-20 04:15:54,2025-10-23 05:22:54,2025-10-24 03:43:17,2025-10-25 08:01:53,10.0,28.31
RAKE-20251173,Power,Port C,Plant B2,Coal,49,2026-04-14 10:26:43,2026-04-17 20:39:13,2026-04-18 16:23:00,2026-04-18 23:29:36,10.0,7.11
RAKE-20251174,Steel,Port A,Plant A1,Coal,47,2026-07-18 07:24:08,2026-07-19 16:14:49,2026-07-20 11:15:38,2026-07-20 20:04:50,10.0,8.82
RAKE-20251175,Power,Port D,Plant B2,Coal,55,2026-01-14 01:44:59,2026-01-15 11:50:08,2026-01-16 03:19:52,2026-01-16 21:51:04,10.0,18.52
RAKE-20251176,Power,Port A,Plant B2,Coal,46,2026-06-17 07:22:13,2026-06-19 10:45:06,2026-06-20 00:09:16,2026-06-21 00:42:16,10.0,24.55
RAKE-20251177,Power,Port B,Plant B2,Coal,55,2026-02-06 00:48:54,2026-02-09 05:18:39,2026-02-09 21:01:51,2026-02-10 05:08:27,10.0,8.11
RAKE-20251178,Steel,Port A,Plant A3,Limestone,45,2025-10-08 13:46:06,2025-10-11 19:10:29,2025-10-12 12:58:07,2025-10-13 17:18:31,15.0,28.34
RAKE-20251179,Power,Port A,Plant B2,Coal,46,2025-10-04 15:40:48,2025-10-07 23:24:21,2025-10-08 12:13:59,2025-10-08 20:14:35,10.0,8.01
RAKE-20251180,Power,Port B,Plant B2,Coal,58,2026-05-20 07:43:56,2026-05-21 12:45:05,2026-05-22 07:15:54,2026-05-22 16:41:06,10.0,9.42
RAKE-20251181,Mining,Port A,Plant C3,Iron Ore,53,2026-05-09 10:34:57,2026-05-12 15:19:51,2026-05-13 08:56:41,2026-05-13 17:13:29,10.0,8.28
RAKE-20251182,Steel,Port D,Plant A1,Limestone,54,2026-02-25 23:11:04,2026-02-27 02:19:13,2026-02-27 20:02:42,2026-02-28 03:21:18,15.0,7.31
RAKE-20251183,Power,Port A,Plant B1,Coal,52,2025-11-01 19:46:58,2025-11-05 06:47:02,2025-11-06 04:15:24,2025-11-07 05:26:48,10.0,25.19
RAKE-20251184,Mining,Port B,Plant C1,Iron Ore,54,2026-06-29 04:09:05,2026-07-01 05:59:23,2026-07-02 01:49:21,2026-07-02 09:50:33,10.0,8.02
RAKE-20251185,Steel,Port B,Plant A2,Coal,45,2026-08-10 11:05:14,2026-08-12 13:04:10,2026-08-13 05:43:07,2026-08-13 14:09:31,10.0,8.44
RAKE-20251186,Mining,Port A,Plant C3,Bauxite,50,2025-09-29 03:31:22,2025-10-02 10:27:59,2025-10-03 06:56:01,2025-10-03 19:46:25,15.0,12.84
RAKE-20251187,Power,Port A,Plant B3,Coal,53,2025-11-10 01:08:37,2025-11-11 02:46:57,2025-11-12 01:03:26,2025-11-12 09:02:14,10.0,7.98
RAKE-20251188,Steel,Port B,Plant A1,Limestone,53,2026-01-10 22:14:33,2026-01-12 05:23:08,2026-01-13 02:49:38,2026-01-13 13:37:38,15.0,10.8
RAKE-20251189,Steel,Port B,Plant A2,Iron Ore,51,2025-10-02 04:44:59,2025-10-03 14:42:39,2025-10-04 06:11:30,2025-10-05 00:15:42,10.0,18.07
RAKE-20251190,Power,Port B,Plant B3,Coal,53,2026-07-24 07:24:46,2026-07-25 17:11:09,2026-07-26 13:42:14,2026-07-27 07:39:50,10.0,17.96
RAKE-20251191,Steel,Port B,Plant A3,Coal,50,2025-10-04 19:41:48,2025-10-06 22:21:55,2025-10-07 16:55:30,2025-10-08 17:45:54,10.0,24.84
RAKE-20251192,Power,Port C,Plant B3,Coal,50,2026-04-04 10:10:20,2026-04-07 19:22:45,2026-04-08 15:25:41,2026-04-09 12:40:41,10.0,21.25
RAKE-20251193,Steel,Port A,Plant A1,Coal,59,2025-12-20 13:25:33,2025-12-21 19:07:35,2025-12-22 16:24:59,2025-12-23 01:08:47,10.0,8.73
RAKE-20251194,Power,Port B,Plant B3,Coal,57,2025-11-13 07:33:48,2025-11-15 17:20:30,2025-11-16 07:54:23,2025-11-17 09:59:47,10.0,26.09
RAKE-20251195,Steel,Port D,Plant A2,Coal,54,2026-02-11 23:31:05,2026-02-15 10:21:59,2026-02-16 03:41:28,2026-02-16 10:28:52,10.0,6.79
RAKE-20251196,Mining,Port B,Plant C1,Iron Ore,52,2026-06-14 18:51:19,2026-06-17 05:52:38,2026-06-17 22:39:33,2026-06-18 06:00:33,10.0,7.35
RAKE-20251197,Mining,Port C,Plant C2,Bauxite,57,2026-01-21 20:52:06,2026-01-25 04:33:55,2026-01-25 17:21:03,2026-01-26 01:27:03,15.0,8.1
RAKE-20251198,Mining,Port B,Plant C2,Bauxite,59,2025-10-18 10:29:53,2025-10-21 13:42:54,2025-10-22 05:48:38,2025-10-22 12:20:26,15.0,6.53
RAKE-20251199,Power,Port C,Plant B2,Coal,47,2025-11-16 08:53:14,2025-11-19 16:54:56,2025-11-20 10:38:20,2025-11-20 19:20:20,10.0,8.7
RAKE-20251200,Steel,Port C,Plant A1,Limestone,52,2026-08-20 11:32:37,2026-08-23 20:16:22,2026-08-24 20:16:19,2026-08-25 06:54:07,15.0,10.63
RAKE-20251201,Power,Port B,Plant B3,Coal,53,2026-05-22 15:08:59,2026-05-23 22:50:45,2026-05-24 21:21:38,2026-05-25 19:47:26,10.0,22.43
RAKE-20251202,Steel,Port D,Plant A2,Iron Ore,56,2025-11-10 19:09:11,2025-11-12 21:58:27,2025-11-13 14:49:59,2025-11-13 20:46:59,10.0,5.95
RAKE-20251203,Steel,Port A,Plant A3,Iron Ore,56,2026-06-20 02:45:30,2026-06-23 06:44:52,2026-06-23 23:33:51,2026-06-24 06:03:51,10.0,6.5
RAKE-20251204,Steel,Port A,Plant A1,Iron Ore,45,2025-12-01 01:34:44,2025-12-02 06:32:48,2025-12-03 00:19:47,2025-12-03 15:00:35,10.0,14.68
RAKE-20251205,Power,Port C,Plant B1,Coal,47,2026-07-12 23:44:43,2026-07-15 07:35:26,2026-07-16 01:08:14,2026-07-16 09:30:26,10.0,8.37
RAKE-20251206,Power,Port D,Plant B2,Coal,47,2026-03-10 01:46:23,2026-03-13 06:07:46,2026-03-14 01:10:09,2026-03-14 08:16:45,10.0,7.11
RAKE-20251207,Power,Port A,Plant B2,Coal,54,2025-09-03 00:58:51,2025-09-06 10:39:34,2025-09-07 09:49:11,2025-09-07 18:35:59,10.0,8.78
RAKE-20251208,Steel,Port A,Plant A1,Limestone,50,2025-10-01 05:21:15,2025-10-04 13:00:35,2025-10-05 02:28:18,2025-10-05 14:06:42,15.0,11.64
RAKE-20251209,Steel,Port A,Plant A2,Limestone,52,2026-01-26 07:04:22,2026-01-28 18:23:43,2026-01-29 07:41:03,2026-01-29 15:52:27,15.0,8.19
RAKE-20251210,Mining,Port A,Plant C2,Bauxite,50,2026-08-06 15:12:52,2026-08-08 22:46:09,2026-08-09 16:56:10,2026-08-10 03:23:10,15.0,10.45
RAKE-20251211,Steel,Port C,Plant A1,Iron Ore,46,2026-05-13 18:07:19,2026-05-16 19:54:21,2026-05-17 18:58:16,2026-05-18 04:11:28,10.0,9.22
RAKE-20251212,Power,Port B,Plant B1,Coal,51,2025-11-18 22:21:22,2025-11-21 03:18:25,2025-11-21 19:54:26,2025-11-22 04:17:50,10.0,8.39
RAKE-20251213,Steel,Port B,Plant A2,Iron Ore,46,2026-01-01 16:26:21,2026-01-03 19:24:59,2026-01-04 13:53:47,2026-01-04 20:25:35,10.0,6.53
RAKE-20251214,Power,Port B,Plant B3,Coal,52,2026-06-29 15:57:22,2026-07-02 17:22:24,2026-07-03 10:51:18,2026-07-03 18:48:18,10.0,7.95
RAKE-20251215,Power,Port A,Plant B3,Coal,53,2026-08-22 12:08:31,2026-08-25 14:25:46,2026-08-26 02:37:19,2026-08-26 11:58:19,10.0,9.35
RAKE-20251216,Steel,Port A,Plant A2,Iron Ore,58,2026-07-21 03:07:19,2026-07-23 12:18:49,2026-07-24 05:45:39,2026-07-24 23:25:51,10.0,17.67
RAKE-20251217,Steel,Port C,Plant A2,Limestone,54,2026-08-20 07:25:58,2026-08-22 10:59:39,2026-08-23 05:44:30,2026-08-23 13:16:54,15.0,7.54
RAKE-20251218,Power,Port D,Plant B2,Coal,57,2026-01-20 17:34:23,2026-01-21 21:19:45,2026-01-22 13:20:33,2026-01-22 21:34:21,10.0,8.23
RAKE-20251219,Power,Port D,Plant B2,Coal,47,2025-11-12 17:06:22,2025-11-13 20:25:16,2025-11-14 12:48:48,2025-11-15 21:17:00,10.0,32.47
RAKE-20251220,Steel,Port A,Plant A3,Coal,47,2026-06-23 16:11:10,2026-06-26 21:58:15,2026-06-27 11:18:52,2026-06-27 19:24:52,10.0,8.1
RAKE-20251221,Mining,Port D,Plant C3,Iron Ore,53,2026-01-03 14:38:48,2026-01-04 23:38:20,2026-01-05 20:10:16,2026-01-06 04:00:04,10.0,7.83
RAKE-20251222,Steel,Port C,Plant A2,Iron Ore,55,2026-04-23 21:10:06,2026-04-26 23:05:19,2026-04-27 14:22:06,2026-04-27 20:41:18,10.0,6.32
RAKE-20251223,Steel,Port C,Plant A2,Iron Ore,51,2026-02-27 13:39:32,2026-03-02 23:29:13,2026-03-03 18:16:24,2026-03-04 11:18:48,10.0,17.04
RAKE-20251224,Mining,Port B,Plant C3,Bauxite,57,2025-11-18 14:56:26,2025-11-19 16:26:27,2025-11-20 11:30:41,2025-11-21 14:01:53,15.0,26.52
RAKE-20251225,Steel,Port B,Plant A2,Limestone,54,2026-02-26 05:49:29,2026-02-27 16:46:14,2026-02-28 07:32:17,2026-02-28 17:48:29,15.0,10.27
RAKE-20251226,Power,Port B,Plant B3,Coal,54,2026-02-26 03:10:10,2026-02-28 08:59:55,2026-03-01 06:33:48,2026-03-01 22:46:24,10.0,16.21
RAKE-20251227,Steel,Port A,Plant A1,Coal,56,2026-01-02 08:16:42,2026-01-04 14:19:14,2026-01-05 04:16:45,2026-01-05 13:28:45,10.0,9.2
RAKE-20251228,Steel,Port A,Plant A2,Coal,56,2025-09-27 14:35:30,2025-09-29 00:21:46,2025-09-29 16:56:31,2025-09-29 23:06:43,10.0,6.17
RAKE-20251229,Mining,Port A,Plant C1,Bauxite,48,2026-01-05 05:25:14,2026-01-06 10:11:34,2026-01-07 04:56:16,2026-01-07 12:16:40,15.0,7.34
RAKE-20251230,Steel,Port B,Plant A2,Limestone,49,2025-10-16 07:21:45,2025-10-17 09:52:47,2025-10-18 09:39:41,2025-10-18 21:48:05,15.0,12.14
RAKE-20251231,Mining,Port C,Plant C2,Iron Ore,52,2026-08-03 08:40:48,2026-08-04 12:21:36,2026-08-05 11:50:38,2026-08-06 05:17:02,10.0,17.44
RAKE-20251232,Steel,Port B,Plant A3,Iron Ore,48,2025-09-11 02:13:12,2025-09-12 10:01:50,2025-09-13 05:27:57,2025-09-13 13:18:21,10.0,7.84
RAKE-20251233,Steel,Port A,Plant A1,Iron Ore,47,2026-07-14 16:53:39,2026-07-16 18:21:17,2026-07-17 18:13:23,2026-07-18 01:25:23,10.0,7.2
RAKE-20251234,Steel,Port D,Plant A1,Limestone,56,2025-12-03 04:55:57,2025-12-04 07:49:53,2025-12-04 22:51:29,2025-12-05 19:47:17,15.0,20.93
RAKE-20251235,Power,Port D,Plant B3,Coal,56,2025-10-22 09:46:12,2025-10-24 12:16:09,2025-10-25 00:33:47,2025-10-25 07:09:47,10.0,6.6
RAKE-20251236,Steel,Port C,Plant A2,Iron Ore,58,2025-12-11 10:27:35,2025-12-14 20:22:23,2025-12-15 17:29:29,2025-12-15 23:40:53,10.0,6.19
RAKE-20251237,Mining,Port D,Plant C2,Iron Ore,46,2026-02-01 12:46:51,2026-02-02 21:07:26,2026-02-03 13:27:43,2026-02-03 22:37:55,10.0,9.17
RAKE-20251238,Power,Port B,Plant B3,Coal,45,2026-07-16 04:48:34,2026-07-18 11:26:10,2026-07-19 07:50:41,2026-07-20 01:39:17,10.0,17.81
RAKE-20251239,Mining,Port D,Plant C1,Iron Ore,50,2026-07-04 01:34:16,2026-07-07 12:23:16,2026-07-08 08:06:46,2026-07-09 00:36:10,10.0,16.49
RAKE-20251240,Steel,Port A,Plant A1,Limestone,50,2026-03-12 02:19:06,2026-03-15 08:57:09,2026-03-16 06:49:32,2026-03-16 15:12:20,15.0,8.38
RAKE-20251241,Mining,Port B,Plant C2,Iron Ore,51,2026-07-23 19:06:05,2026-07-26 22:35:02,2026-07-27 19:17:17,2026-07-28 03:39:29,10.0,8.37
RAKE-20251242,Power,Port A,Plant B1,Coal,59,2026-03-08 07:14:14,2026-03-09 14:55:43,2026-03-10 11:00:44,2026-03-10 18:24:08,10.0,7.39
RAKE-20251243,Power,Port A,Plant B3,Coal,57,2026-06-28 07:12:47,2026-06-29 18:51:51,2026-06-30 12:44:19,2026-07-01 06:51:31,10.0,18.12
RAKE-20251244,Mining,Port A,Plant C2,Iron Ore,52,2026-04-24 01:35:13,2026-04-25 05:18:29,2026-04-26 04:49:44,2026-04-26 12:56:20,10.0,8.11
RAKE-20251245,Power,Port C,Plant B3,Coal,52,2026-08-17 09:31:24,2026-08-19 14:49:11,2026-08-20 04:08:05,2026-08-20 12:42:53,10.0,8.58
RAKE-20251246,Power,Port C,Plant B1,Coal,57,2026-04-20 01:05:51,2026-04-23 04:54:28,2026-04-24 01:39:11,2026-04-25 05:06:11,10.0,27.45
RAKE-20251247,Steel,Port C,Plant A2,Coal,54,2026-07-01 12:00:01,2026-07-02 14:55:14,2026-07-03 14:46:17,2026-07-03 22:46:17,10.0,8.0
RAKE-20251248,Steel,Port A,Plant A2,Iron Ore,45,2026-03-21 23:14:08,2026-03-24 02:28:18,2026-03-24 15:35:12,2026-03-25 00:56:48,10.0,9.36
RAKE-20251249,Mining,Port D,Plant C2,Bauxite,56,2026-07-15 21:18:02,2026-07-19 05:21:50,2026-07-19 22:20:23,2026-07-20 04:35:59,15.0,6.26
RAKE-20251250,Power,Port C,Plant B1,Coal,54,2026-07-19 15:44:02,2026-07-23 01:56:25,2026-07-23 20:48:14,2026-07-24 13:11:02,10.0,16.38
RAKE-20251251,Power,Port B,Plant B1,Coal,50,2026-04-03 23:26:02,2026-04-07 04:02:02,2026-04-08 00:27:17,2026-04-08 09:44:05,10.0,9.28
RAKE-20251252,Power,Port C,Plant B1,Coal,57,2026-04-03 11:25:58,2026-04-05 18:23:48,2026-04-06 06:36:15,2026-04-06 12:42:51,10.0,6.11
RAKE-20251253,Steel,Port A,Plant A1,Iron Ore,59,2026-05-20 10:46:40,2026-05-22 14:18:25,2026-05-23 06:21:42,2026-05-23 15:15:42,10.0,8.9
RAKE-20251254,Steel,Port B,Plant A1,Iron Ore,58,2025-11-25 01:23:33,2025-11-26 02:32:51,2025-11-27 01:25:15,2025-11-27 08:16:51,10.0,6.86
RAKE-20251255,Power,Port D,Plant B3,Coal,48,2025-11-14 17:42:19,2025-11-18 04:56:17,2025-11-19 03:49:45,2025-11-19 11:28:45,10.0,7.65
RAKE-20251256,Steel,Port A,Plant A1,Coal,58,2025-10-24 21:31:13,2025-10-28 03:29:26,2025-10-28 17:47:58,2025-10-29 02:02:22,10.0,8.24
RAKE-20251257,Steel,Port B,Plant A3,Coal,59,2026-05-10 07:27:31,2026-05-12 19:05:18,2026-05-13 08:58:02,2026-05-14 00:00:26,10.0,15.04
RAKE-20251258,Power,Port D,Plant B2,Coal,46,2026-01-20 17:04:15,2026-01-21 20:51:02,2026-01-22 11:13:29,2026-01-22 19:32:41,10.0,8.32
RAKE-20251259,Steel,Port C,Plant A2,Limestone,56,2026-02-20 09:22:13,2026-02-22 19:11:10,2026-02-23 13:39:02,2026-02-23 22:56:26,15.0,9.29
RAKE-20251260,Power,Port A,Plant B1,Coal,49,2026-03-30 03:35:02,2026-04-01 07:19:42,2026-04-01 21:29:57,2026-04-02 03:52:09,10.0,6.37
RAKE-20251261,Steel,Port A,Plant A3,Coal,56,2025-12-06 14:18:34,2025-12-08 22:41:26,2025-12-09 18:26:20,2025-12-10 03:28:44,10.0,9.04
RAKE-20251262,Power,Port A,Plant B3,Coal,57,2026-08-25 09:03:17,2026-08-26 15:59:29,2026-08-27 05:46:32,2026-08-28 10:45:20,10.0,28.98
RAKE-20251263,Steel,Port C,Plant A2,Limestone,55,2026-08-19 02:19:55,2026-08-21 10:02:45,2026-08-22 01:12:29,2026-08-22 13:38:17,15.0,12.43
RAKE-20251264,Power,Port B,Plant B3,Coal,48,2025-11-28 23:00:05,2025-12-01 07:06:08,2025-12-01 20:40:30,2025-12-02 04:32:42,10.0,7.87
RAKE-20251265,Steel,Port A,Plant A2,Coal,53,2025-12-27 10:54:44,2025-12-29 15:40:48,2025-12-30 15:07:01,2025-12-31 00:03:25,10.0,8.94
RAKE-20251266,Steel,Port D,Plant A2,Limestone,54,2025-09-15 10:00:19,2025-09-18 20:05:54,2025-09-19 11:35:45,2025-09-20 00:29:45,15.0,12.9
RAKE-20251267,Steel,Port B,Plant A3,Coal,54,2026-07-06 15:34:03,2026-07-07 18:46:17,2026-07-08 13:16:56,2026-07-08 22:18:08,10.0,9.02
RAKE-20251268,Power,Port A,Plant B2,Coal,50,2025-09-17 20:32:25,2025-09-20 01:57:57,2025-09-20 22:45:20,2025-09-21 06:56:44,10.0,8.19
RAKE-20251269,Power,Port B,Plant B2,Coal,45,2025-12-25 13:45:49,2025-12-28 19:35:41,2025-12-29 17:02:10,2025-12-30 07:10:34,10.0,14.14
RAKE-20251270,Steel,Port C,Plant A3,Iron Ore,51,2025-09-24 18:32:19,2025-09-26 23:44:07,2025-09-27 20:33:04,2025-09-28 13:46:52,10.0,17.23
RAKE-20251271,Power,Port A,Plant B1,Coal,47,2025-11-16 19:33:48,2025-11-19 03:32:53,2025-11-19 19:02:53,2025-11-20 03:42:29,10.0,8.66
RAKE-20251272,Mining,Port A,Plant C3,Bauxite,51,2026-08-24 23:59:57,2026-08-28 01:11:22,2026-08-28 17:02:02,2026-08-29 13:50:38,15.0,20.81
RAKE-20251273,Power,Port D,Plant B2,Coal,59,2025-12-27 11:00:16,2025-12-30 19:17:52,2025-12-31 15:22:56,2026-01-01 00:15:44,10.0,8.88
RAKE-20251274,Steel,Port B,Plant A3,Limestone,58,2026-04-17 23:30:08,2026-04-20 01:44:39,2026-04-20 21:55:50,2026-04-21 06:54:02,15.0,8.97
RAKE-20251275,Power,Port B,Plant B2,Coal,49,2025-12-23 04:01:37,2025-12-25 10:33:08,2025-12-26 03:42:31,2025-12-26 12:39:31,10.0,8.95
RAKE-20251276,Steel,Port B,Plant A3,Iron Ore,46,2025-11-09 09:34:43,2025-11-11 14:41:15,2025-11-12 12:05:32,2025-11-12 21:23:32,10.0,9.3
RAKE-20251277,Steel,Port A,Plant A3,Coal,58,2026-03-21 18:21:20,2026-03-23 02:28:15,2026-03-24 02:06:52,2026-03-24 07:42:16,10.0,5.59
RAKE-20251278,Mining,Port A,Plant C2,Iron Ore,49,2026-04-12 23:56:33,2026-04-16 04:44:15,2026-04-16 23:00:18,2026-04-17 05:10:30,10.0,6.17
RAKE-20251279,Steel,Port B,Plant A2,Iron Ore,48,2026-04-29 02:59:45,2026-05-02 14:32:42,2026-05-03 08:43:41,2026-05-03 14:16:41,10.0,5.55
RAKE-20251280,Power,Port A,Plant B2,Coal,48,2026-06-14 09:10:24,2026-06-16 19:36:23,2026-06-17 12:06:08,2026-06-17 18:40:56,10.0,6.58
RAKE-20251281,Power,Port A,Plant B2,Coal,55,2026-02-03 13:40:38,2026-02-04 18:18:33,2026-02-05 10:51:03,2026-02-05 18:58:15,10.0,8.12
RAKE-20251282,Power,Port D,Plant B1,Coal,58,2026-06-03 18:01:53,2026-06-06 05:28:11,2026-06-06 18:20:55,2026-06-07 15:34:43,10.0,21.23
RAKE-20251283,Power,Port D,Plant B1,Coal,56,2025-11-14 00:47:24,2025-11-17 05:35:12,2025-11-17 17:47:52,2025-11-18 01:21:28,10.0,7.56
RAKE-20251284,Steel,Port C,Plant A3,Coal,59,2025-10-16 03:25:44,2025-10-18 15:08:32,2025-10-19 03:41:18,2025-10-19 11:05:18,10.0,7.4
RAKE-20251285,Steel,Port D,Plant A2,Coal,58,2026-07-15 09:59:14,2026-07-16 13:10:44,2026-07-17 07:08:02,2026-07-17 14:21:14,10.0,7.22
RAKE-20251286,Power,Port A,Plant B2,Coal,53,2026-06-08 20:43:09,2026-06-10 04:52:27,2026-06-11 04:20:58,2026-06-11 12:27:34,10.0,8.11
RAKE-20251287,Steel,Port D,Plant A1,Limestone,59,2025-09-29 22:36:21,2025-10-02 02:34:11,2025-10-02 21:45:16,2025-10-04 05:14:40,15.0,31.49
RAKE-20251288,Steel,Port A,Plant A3,Iron Ore,56,2026-02-12 03:38:19,2026-02-13 11:54:41,2026-02-14 08:15:30,2026-02-14 16:53:18,10.0,8.63
RAKE-20251289,Steel,Port D,Plant A3,Coal,59,2025-10-28 02:58:20,2025-10-29 04:43:31,2025-10-29 22:05:43,2025-10-30 05:10:31,10.0,7.08
RAKE-20251290,Steel,Port D,Plant A3,Limestone,50,2026-05-17 19:43:10,2026-05-19 04:08:31,2026-05-20 01:11:00,2026-05-21 06:50:00,15.0,29.65
RAKE-20251291,Steel,Port C,Plant A2,Limestone,47,2026-05-10 06:20:12,2026-05-13 16:57:32,2026-05-14 11:56:03,2026-05-15 00:58:27,15.0,13.04
RAKE-20251292,Steel,Port D,Plant A3,Limestone,59,2026-06-04 19:43:15,2026-06-07 22:41:32,2026-06-08 11:40:43,2026-06-08 20:46:43,15.0,9.1
RAKE-20251293,Power,Port C,Plant B2,Coal,47,2026-06-12 09:44:29,2026-06-13 10:45:15,2026-06-14 03:18:40,2026-06-14 10:58:52,10.0,7.67
RAKE-20251294,Power,Port A,Plant B3,Coal,46,2025-09-28 10:57:13,2025-09-30 16:18:00,2025-10-01 08:05:46,2025-10-02 06:39:58,10.0,22.57
RAKE-20251295,Mining,Port B,Plant C1,Iron Ore,57,2026-02-25 16:35:25,2026-03-01 01:26:38,2026-03-01 20:47:18,2026-03-02 04:58:42,10.0,8.19
RAKE-20251296,Steel,Port C,Plant A2,Iron Ore,57,2026-03-26 02:44:40,2026-03-27 10:04:39,2026-03-28 00:38:59,2026-03-28 08:19:47,10.0,7.68
RAKE-20251297,Steel,Port A,Plant A3,Limestone,47,2025-11-27 04:05:38,2025-11-28 07:02:55,2025-11-29 04:29:38,2025-11-29 12:20:02,15.0,7.84
RAKE-20251298,Steel,Port C,Plant A3,Limestone,56,2026-05-03 23:24:55,2026-05-07 10:08:26,2026-05-07 23:18:59,2026-05-08 10:30:23,15.0,11.19
RAKE-20251299,Power,Port D,Plant B1,Coal,52,2025-09-08 05:33:24,2025-09-10 13:18:11,2025-09-11 11:04:05,2025-09-11 19:54:29,10.0,8.84
RAKE-20251300,Power,Port A,Plant B2,Coal,57,2026-04-24 00:38:13,2026-04-25 10:58:05,2026-04-26 05:17:50,2026-04-26 13:49:38,10.0,8.53
RAKE-20251301,Steel,Port C,Plant A2,Iron Ore,58,2026-08-14 20:01:59,2026-08-17 21:51:14,2026-08-18 14:41:19,2026-08-18 21:43:07,10.0,7.03
RAKE-20251302,Mining,Port D,Plant C3,Iron Ore,56,2026-05-28 08:29:29,2026-05-30 11:12:04,2026-05-31 08:03:25,2026-05-31 22:33:25,10.0,14.5
RAKE-20251303,Steel,Port D,Plant A3,Coal,47,2026-08-10 07:18:54,2026-08-11 09:28:38,2026-08-12 09:15:30,2026-08-13 15:42:30,10.0,30.45
RAKE-20251304,Power,Port D,Plant B2,Coal,49,2026-05-11 00:22:37,2026-05-13 03:49:52,2026-05-13 23:05:38,2026-05-14 04:47:02,10.0,5.69
RAKE-20251305,Power,Port B,Plant B2,Coal,55,2026-04-14 18:08:41,2026-04-16 05:57:03,2026-04-17 01:47:29,2026-04-17 20:09:05,10.0,18.36
RAKE-20251306,Mining,Port D,Plant C3,Iron Ore,52,2026-06-07 01:47:32,2026-06-10 05:02:47,2026-06-10 19:50:29,2026-06-11 03:51:05,10.0,8.01
RAKE-20251307,Power,Port C,Plant B3,Coal,54,2025-11-12 22:15:54,2025-11-15 04:24:58,2025-11-15 21:22:57,2025-11-16 05:17:33,10.0,7.91
RAKE-20251308,Mining,Port A,Plant C3,Iron Ore,54,2025-09-19 15:38:28,2025-09-23 01:13:02,2025-09-23 16:17:19,2025-09-23 22:31:07,10.0,6.23
RAKE-20251309,Steel,Port B,Plant A3,Limestone,52,2026-07-08 23:38:58,2026-07-10 03:09:40,2026-07-10 19:29:46,2026-07-11 15:54:58,15.0,20.42
RAKE-20251310,Mining,Port C,Plant C2,Bauxite,57,2025-09-28 17:31:42,2025-10-02 02:23:55,2025-10-03 01:14:14,2025-10-04 04:27:26,15.0,27.22
RAKE-20251311,Steel,Port A,Plant A1,Coal,54,2025-11-17 19:36:47,2025-11-19 00:11:44,2025-11-19 12:33:40,2025-11-19 20:26:28,10.0,7.88
RAKE-20251312,Mining,Port C,Plant C3,Bauxite,57,2025-11-01 23:13:12,2025-11-05 02:35:26,2025-11-05 14:53:16,2025-11-06 15:26:16,15.0,24.55
RAKE-20251313,Power,Port C,Plant B3,Coal,47,2025-11-22 17:48:17,2025-11-25 23:08:42,2025-11-26 20:38:51,2025-11-27 05:37:39,10.0,8.98
RAKE-20251314,Mining,Port A,Plant C3,Iron Ore,56,2026-05-29 04:06:04,2026-06-01 11:54:03,2026-06-02 04:00:01,2026-06-02 21:06:37,10.0,17.11
RAKE-20251315,Power,Port C,Plant B2,Coal,52,2025-10-02 01:43:55,2025-10-03 07:04:36,2025-10-04 01:17:02,2025-10-05 05:44:38,10.0,28.46
RAKE-20251316,Power,Port C,Plant B3,Coal,48,2026-03-27 19:24:34,2026-03-31 05:01:05,2026-04-01 00:59:02,2026-04-01 07:57:50,10.0,6.98
RAKE-20251317,Power,Port B,Plant B1,Coal,52,2026-07-04 14:40:45,2026-07-05 21:20:09,2026-07-06 11:50:06,2026-07-07 08:30:18,10.0,20.67
RAKE-20251318,Power,Port A,Plant B3,Coal,45,2026-03-01 00:23:09,2026-03-04 04:59:52,2026-03-04 22:55:01,2026-03-05 05:55:01,10.0,7.0
RAKE-20251319,Steel,Port A,Plant A2,Limestone,53,2025-12-17 13:58:17,2025-12-19 18:53:37,2025-12-20 09:41:07,2025-12-20 17:32:43,15.0,7.86
RAKE-20251320,Steel,Port B,Plant A2,Iron Ore,56,2025-09-18 22:34:32,2025-09-21 03:43:34,2025-09-22 00:05:14,2025-09-22 08:50:50,10.0,8.76
RAKE-20251321,Steel,Port D,Plant A1,Iron Ore,55,2026-06-08 05:35:09,2026-06-11 12:29:59,2026-06-12 06:42:08,2026-06-12 13:07:20,10.0,6.42
RAKE-20251322,Steel,Port A,Plant A3,Iron Ore,55,2026-02-05 14:27:33,2026-02-07 00:12:01,2026-02-07 14:23:46,2026-02-08 06:31:34,10.0,16.13
RAKE-20251323,Mining,Port C,Plant C2,Iron Ore,55,2025-10-26 14:38:45,2025-10-29 01:32:20,2025-10-29 19:46:12,2025-10-30 04:15:00,10.0,8.48
RAKE-20251324,Steel,Port A,Plant A1,Limestone,50,2026-06-17 11:46:46,2026-06-18 15:25:37,2026-06-19 12:32:36,2026-06-19 19:38:00,15.0,7.09
RAKE-20251325,Mining,Port B,Plant C2,Bauxite,46,2026-08-17 07:59:46,2026-08-20 16:07:32,2026-08-21 15:01:30,2026-08-22 21:41:06,15.0,30.66
RAKE-20251326,Steel,Port D,Plant A2,Iron Ore,55,2026-01-10 01:48:53,2026-01-12 06:48:21,2026-01-13 02:09:47,2026-01-14 04:12:47,10.0,26.05
RAKE-20251327,Steel,Port C,Plant A3,Iron Ore,56,2026-02-09 17:35:26,2026-02-11 20:12:34,2026-02-12 09:55:49,2026-02-12 18:09:37,10.0,8.23
RAKE-20251328,Power,Port A,Plant B3,Coal,51,2026-05-11 18:41:44,2026-05-14 05:24:16,2026-05-15 05:00:41,2026-05-16 09:32:29,10.0,28.53
RAKE-20251329,Power,Port B,Plant B1,Coal,47,2026-05-07 02:04:00,2026-05-08 08:46:06,2026-05-09 04:32:20,2026-05-09 10:19:08,10.0,5.78
RAKE-20251330,Power,Port A,Plant B3,Coal,45,2026-01-26 16:31:59,2026-01-29 03:59:04,2026-01-29 21:07:45,2026-01-30 16:11:57,10.0,19.07
RAKE-20251331,Power,Port B,Plant B2,Coal,48,2026-07-22 08:06:20,2026-07-24 17:03:03,2026-07-25 06:37:30,2026-07-25 15:45:18,10.0,9.13
RAKE-20251332,Power,Port C,Plant B3,Coal,56,2026-07-25 01:42:38,2026-07-26 03:29:22,2026-07-26 20:00:26,2026-07-27 01:39:26,10.0,5.65
RAKE-20251333,Steel,Port A,Plant A2,Limestone,57,2026-01-15 04:56:10,2026-01-16 10:56:01,2026-01-17 07:15:52,2026-01-17 18:43:28,15.0,11.46
RAKE-20251334,Mining,Port A,Plant C1,Iron Ore,53,2026-06-25 23:54:42,2026-06-29 05:09:54,2026-06-30 03:43:39,2026-06-30 11:58:39,10.0,8.25
RAKE-20251335,Mining,Port B,Plant C2,Iron Ore,46,2025-12-17 03:45:41,2025-12-20 05:31:59,2025-12-20 20:45:24,2025-12-21 04:47:12,10.0,8.03
RAKE-20251336,Power,Port D,Plant B3,Coal,59,2025-10-04 07:23:57,2025-10-05 11:11:45,2025-10-06 05:14:42,2025-10-06 12:49:30,10.0,7.58
RAKE-20251337,Steel,Port D,Plant A3,Limestone,48,2025-12-12 17:22:48,2025-12-14 21:10:25,2025-12-15 11:56:05,2025-12-16 00:14:41,15.0,12.31
RAKE-20251338,Power,Port A,Plant B1,Coal,59,2026-05-13 02:50:21,2026-05-16 10:30:39,2026-05-17 05:56:31,2026-05-17 20:01:19,10.0,14.08
RAKE-20251339,Steel,Port C,Plant A1,Iron Ore,57,2026-08-19 09:17:43,2026-08-20 14:17:18,2026-08-21 03:02:06,2026-08-21 10:52:30,10.0,7.84
RAKE-20251340,Steel,Port B,Plant A1,Limestone,57,2025-11-11 21:59:44,2025-11-14 23:46:44,2025-11-15 22:25:31,2025-11-16 09:54:19,15.0,11.48
RAKE-20251341,Steel,Port B,Plant A1,Limestone,50,2026-02-17 10:48:51,2026-02-19 21:59:13,2026-02-20 11:59:26,2026-02-21 00:38:26,15.0,12.65
RAKE-20251342,Power,Port C,Plant B3,Coal,55,2025-12-23 12:51:07,2025-12-26 19:06:16,2025-12-27 11:36:18,2025-12-27 20:17:06,10.0,8.68
RAKE-20251343,Mining,Port D,Plant C1,Iron Ore,54,2026-05-21 13:33:30,2026-05-24 00:59:09,2026-05-24 14:36:06,2026-05-25 19:13:54,10.0,28.63
RAKE-20251344,Power,Port D,Plant B1,Coal,47,2026-08-14 05:19:40,2026-08-16 07:14:33,2026-08-17 02:57:59,2026-08-18 01:39:59,10.0,22.7
RAKE-20251345,Power,Port C,Plant B3,Coal,59,2026-07-19 03:07:29,2026-07-21 11:48:16,2026-07-22 06:48:48,2026-07-22 12:57:48,10.0,6.15
RAKE-20251346,Steel,Port B,Plant A3,Iron Ore,54,2025-11-26 00:24:44,2025-11-29 12:05:13,2025-11-30 00:48:58,2025-11-30 09:03:22,10.0,8.24
RAKE-20251347,Steel,Port C,Plant A2,Coal,52,2026-02-26 10:23:01,2026-03-01 18:36:05,2026-03-02 16:05:40,2026-03-03 05:59:40,10.0,13.9
RAKE-20251348,Steel,Port A,Plant A2,Coal,53,2025-11-02 15:31:23,2025-11-06 03:09:41,2025-11-06 16:00:24,2025-11-07 00:44:48,10.0,8.74
RAKE-20251349,Mining,Port C,Plant C3,Iron Ore,46,2026-04-24 08:39:04,2026-04-26 11:09:19,2026-04-27 08:54:39,2026-04-28 00:44:27,10.0,15.83
RAKE-20251350,Steel,Port B,Plant A2,Coal,45,2026-02-06 04:37:22,2026-02-07 08:55:38,2026-02-08 06:42:47,2026-02-08 15:47:35,10.0,9.08
RAKE-20251351,Mining,Port C,Plant C2,Bauxite,53,2026-08-16 02:08:42,2026-08-19 11:13:08,2026-08-20 02:38:40,2026-08-20 22:18:16,15.0,19.66
RAKE-20251352,Power,Port A,Plant B1,Coal,57,2025-12-24 23:17:01,2025-12-26 07:33:32,2025-12-26 23:27:27,2025-12-27 05:02:51,10.0,5.59
RAKE-20251353,Steel,Port A,Plant A2,Limestone,56,2025-09-09 01:20:52,2025-09-12 03:53:57,2025-09-13 03:37:37,2025-09-13 16:37:01,15.0,12.99
RAKE-20251354,Power,Port D,Plant B2,Coal,53,2026-05-17 19:33:07,2026-05-20 22:32:43,2026-05-21 11:38:16,2026-05-22 07:22:04,10.0,19.73
RAKE-20251355,Power,Port A,Plant B2,Coal,53,2026-08-02 10:36:07,2026-08-03 12:31:54,2026-08-04 06:09:52,2026-08-04 14:15:16,10.0,8.09
RAKE-20251356,Mining,Port B,Plant C1,Iron Ore,52,2026-02-05 08:54:48,2026-02-07 18:51:01,2026-02-08 13:35:31,2026-02-08 19:13:55,10.0,5.64
RAKE-20251357,Mining,Port A,Plant C3,Bauxite,57,2025-09-24 22:18:23,2025-09-27 02:50:38,2025-09-27 21:41:13,2025-09-28 05:28:37,15.0,7.79
RAKE-20251358,Steel,Port A,Plant A1,Iron Ore,47,2026-04-20 12:21:59,2026-04-21 21:24:36,2026-04-22 17:31:44,2026-04-23 02:41:20,10.0,9.16
RAKE-20251359,Steel,Port A,Plant A1,Coal,45,2026-05-05 19:40:59,2026-05-07 02:31:59,2026-05-08 00:08:52,2026-05-08 09:29:16,10.0,9.34
RAKE-20251360,Power,Port A,Plant B2,Coal,53,2026-06-28 03:17:49,2026-07-01 07:26:28,2026-07-01 22:28:53,2026-07-02 05:19:17,10.0,6.84
RAKE-20251361,Mining,Port D,Plant C3,Iron Ore,58,2026-06-27 01:04:52,2026-06-30 07:30:54,2026-06-30 23:50:35,2026-07-01 08:59:35,10.0,9.15
RAKE-20251362,Steel,Port A,Plant A3,Iron Ore,47,2026-03-16 00:08:18,2026-03-17 03:35:22,2026-03-18 03:31:15,2026-03-18 09:21:03,10.0,5.83
RAKE-20251363,Power,Port D,Plant B2,Coal,46,2026-03-23 16:41:24,2026-03-24 20:08:34,2026-03-25 15:32:13,2026-03-26 07:17:13,10.0,15.75
RAKE-20251364,Power,Port C,Plant B1,Coal,59,2025-12-15 12:34:33,2025-12-17 21:16:26,2025-12-18 20:46:36,2025-12-19 05:04:00,10.0,8.29
RAKE-20251365,Power,Port B,Plant B2,Coal,56,2026-01-12 19:08:02,2026-01-15 02:24:58,2026-01-15 18:05:45,2026-01-16 02:31:33,10.0,8.43
RAKE-20251366,Steel,Port C,Plant A3,Coal,52,2026-04-11 02:21:53,2026-04-14 04:07:51,2026-04-14 21:15:16,2026-04-15 04:05:40,10.0,6.84
RAKE-20251367,Power,Port B,Plant B2,Coal,47,2025-11-02 15:06:33,2025-11-06 01:15:59,2025-11-06 16:30:59,2025-11-07 00:31:35,10.0,8.01
RAKE-20251368,Mining,Port C,Plant C3,Iron Ore,45,2026-04-29 10:53:30,2026-05-02 15:19:48,2026-05-03 12:28:14,2026-05-03 19:31:50,10.0,7.06
RAKE-20251369,Steel,Port A,Plant A2,Coal,47,2025-11-20 05:43:35,2025-11-21 17:38:10,2025-11-22 05:38:47,2025-11-22 12:59:47,10.0,7.35
RAKE-20251370,Steel,Port B,Plant A3,Iron Ore,45,2026-01-24 21:32:52,2026-01-26 22:50:04,2026-01-27 21:27:47,2026-01-28 04:47:35,10.0,7.33
RAKE-20251371,Mining,Port D,Plant C2,Iron Ore,57,2025-10-06 20:34:24,2025-10-09 04:22:25,2025-10-10 02:54:42,2025-10-10 10:04:54,10.0,7.17
RAKE-20251372,Steel,Port D,Plant A2,Iron Ore,57,2026-05-29 18:54:07,2026-05-31 21:21:34,2026-06-01 19:42:15,2026-06-02 01:45:15,10.0,6.05
RAKE-20251373,Mining,Port D,Plant C2,Bauxite,56,2026-07-01 00:06:43,2026-07-02 02:36:47,2026-07-02 21:25:58,2026-07-03 05:05:34,15.0,7.66
RAKE-20251374,Power,Port B,Plant B3,Coal,59,2026-04-09 22:10:32,2026-04-13 00:11:53,2026-04-13 12:23:28,2026-04-13 18:15:04,10.0,5.86
RAKE-20251375,Steel,Port C,Plant A1,Limestone,50,2025-09-29 22:25:08,2025-10-01 01:41:28,2025-10-01 18:29:40,2025-10-02 06:59:04,15.0,12.49
RAKE-20251376,Mining,Port B,Plant C3,Iron Ore,58,2026-08-14 18:10:05,2026-08-16 20:13:53,2026-08-17 12:15:12,2026-08-17 20:52:24,10.0,8.62
RAKE-20251377,Steel,Port B,Plant A2,Coal,55,2026-01-17 03:31:24,2026-01-20 08:48:11,2026-01-21 05:49:21,2026-01-21 12:11:33,10.0,6.37
RAKE-20251378,Power,Port A,Plant B3,Coal,46,2026-03-18 18:53:53,2026-03-22 05:10:14,2026-03-23 00:12:33,2026-03-23 14:26:57,10.0,14.24
RAKE-20251379,Steel,Port C,Plant A2,Limestone,59,2025-10-14 18:57:30,2025-10-16 00:45:14,2025-10-16 14:04:25,2025-10-17 00:12:49,15.0,10.14
RAKE-20251380,Power,Port A,Plant B2,Coal,51,2026-02-04 12:03:16,2026-02-06 16:20:10,2026-02-07 11:43:10,2026-02-07 19:10:10,10.0,7.45
RAKE-20251381,Steel,Port B,Plant A2,Coal,46,2026-07-13 19:18:49,2026-07-14 21:43:28,2026-07-15 14:08:28,2026-07-15 21:52:52,10.0,7.74
RAKE-20251382,Steel,Port D,Plant A1,Iron Ore,56,2025-09-22 15:27:33,2025-09-24 16:28:18,2025-09-25 07:51:38,2025-09-25 13:43:14,10.0,5.86
RAKE-20251383,Mining,Port A,Plant C1,Bauxite,50,2026-05-20 14:09:06,2026-05-24 01:01:38,2026-05-24 17:50:40,2026-05-25 03:53:40,15.0,10.05
RAKE-20251384,Steel,Port A,Plant A2,Iron Ore,55,2026-07-10 15:40:29,2026-07-11 19:38:26,2026-07-12 17:04:29,2026-07-12 23:02:41,10.0,5.97
RAKE-20251385,Power,Port A,Plant B2,Coal,52,2026-07-24 00:58:17,2026-07-26 10:12:50,2026-07-27 00:20:53,2026-07-27 17:37:05,10.0,17.27
RAKE-20251386,Steel,Port D,Plant A3,Coal,53,2026-06-13 11:48:59,2026-06-14 20:03:59,2026-06-15 13:20:37,2026-06-15 21:46:25,10.0,8.43
RAKE-20251387,Power,Port B,Plant B1,Coal,47,2026-05-19 01:43:40,2026-05-22 05:40:33,2026-05-22 22:23:38,2026-05-23 13:32:38,10.0,15.15
RAKE-20251388,Steel,Port B,Plant A2,Iron Ore,55,2026-07-28 16:34:43,2026-07-31 18:24:21,2026-08-01 06:56:40,2026-08-01 14:42:16,10.0,7.76
RAKE-20251389,Mining,Port D,Plant C1,Bauxite,48,2025-12-26 20:23:57,2025-12-30 06:35:27,2025-12-31 02:15:55,2025-12-31 09:43:31,15.0,7.46
RAKE-20251390,Power,Port D,Plant B1,Coal,49,2025-10-21 18:42:43,2025-10-24 02:15:25,2025-10-24 16:00:01,2025-10-24 21:52:13,10.0,5.87
RAKE-20251391,Steel,Port B,Plant A1,Iron Ore,47,2025-11-25 09:04:38,2025-11-27 10:30:09,2025-11-28 04:26:44,2025-11-28 11:50:44,10.0,7.4
RAKE-20251392,Steel,Port C,Plant A3,Iron Ore,50,2025-11-19 18:04:04,2025-11-22 03:21:18,2025-11-22 16:08:39,2025-11-22 23:23:39,10.0,7.25
RAKE-20251393,Steel,Port C,Plant A3,Coal,59,2026-01-27 05:56:57,2026-01-28 11:07:01,2026-01-29 03:46:15,2026-01-29 09:51:03,10.0,6.08
RAKE-20251394,Power,Port C,Plant B3,Coal,53,2026-08-21 23:34:26,2026-08-24 02:32:22,2026-08-24 18:05:10,2026-08-25 01:08:10,10.0,7.05
RAKE-20251395,Steel,Port A,Plant A3,Iron Ore,58,2026-08-23 15:20:59,2026-08-26 22:21:54,2026-08-27 13:42:40,2026-08-28 06:55:16,10.0,17.21
RAKE-20251396,Mining,Port D,Plant C2,Iron Ore,55,2026-04-07 15:27:55,2026-04-09 00:05:47,2026-04-09 22:51:15,2026-04-10 21:34:27,10.0,22.72
RAKE-20251397,Steel,Port B,Plant A1,Limestone,52,2026-02-10 19:29:36,2026-02-11 20:33:53,2026-02-12 14:54:42,2026-02-13 03:26:30,15.0,12.53
RAKE-20251398,Steel,Port A,Plant A3,Coal,51,2026-08-23 17:45:03,2026-08-25 20:21:15,2026-08-26 11:06:50,2026-08-26 20:21:50,10.0,9.25
RAKE-20251399,Power,Port B,Plant B1,Coal,48,2026-08-13 09:06:15,2026-08-15 14:08:33,2026-08-16 11:29:08,2026-08-16 19:50:08,10.0,8.35
RAKE-20251400,Power,Port A,Plant B2,Coal,58,2025-11-13 04:45:02,2025-11-15 13:20:42,2025-11-16 03:05:24,2025-11-16 10:40:48,10.0,7.59
RAKE-20251401,Steel,Port A,Plant A3,Limestone,45,2026-08-25 23:57:57,2026-08-28 09:51:58,2026-08-28 22:55:47,2026-08-29 08:56:23,15.0,10.01
RAKE-20251402,Steel,Port C,Plant A2,Coal,52,2026-03-05 20:32:00,2026-03-08 04:31:02,2026-03-08 22:44:54,2026-03-09 04:28:06,10.0,5.72
RAKE-20251403,Steel,Port A,Plant A1,Iron Ore,46,2026-04-03 08:28:49,2026-04-06 17:07:00,2026-04-07 07:11:23,2026-04-07 15:56:23,10.0,8.75
RAKE-20251404,Power,Port B,Plant B1,Coal,46,2026-03-16 22:01:40,2026-03-19 03:30:14,2026-03-19 20:48:00,2026-03-20 03:54:00,10.0,7.1
RAKE-20251405,Power,Port B,Plant B3,Coal,45,2025-09-18 14:38:03,2025-09-21 17:40:16,2025-09-22 12:19:45,2025-09-23 09:13:45,10.0,20.9
RAKE-20251406,Power,Port A,Plant B1,Coal,55,2026-04-20 21:58:56,2026-04-22 05:57:19,2026-04-23 01:40:28,2026-04-24 11:21:16,10.0,33.68
RAKE-20251407,Mining,Port D,Plant C1,Iron Ore,51,2025-11-29 06:25:09,2025-12-01 18:20:51,2025-12-02 11:48:57,2025-12-03 11:50:09,10.0,24.02
RAKE-20251408,Mining,Port A,Plant C2,Iron Ore,45,2026-01-12 08:14:35,2026-01-15 13:34:14,2026-01-16 10:22:40,2026-01-16 16:42:28,10.0,6.33
RAKE-20251409,Power,Port B,Plant B2,Coal,49,2026-05-08 13:55:48,2026-05-09 22:40:49,2026-05-10 20:59:42,2026-05-11 03:54:54,10.0,6.92
RAKE-20251410,Mining,Port B,Plant C2,Iron Ore,47,2026-07-22 07:45:32,2026-07-24 18:42:39,2026-07-25 17:28:49,2026-07-26 01:23:25,10.0,7.91
RAKE-20251411,Steel,Port A,Plant A1,Iron Ore,45,2025-09-11 00:51:18,2025-09-12 09:53:47,2025-09-13 03:54:38,2025-09-13 11:15:02,10.0,7.34
RAKE-20251412,Steel,Port A,Plant A3,Coal,53,2026-07-10 13:28:57,2026-07-13 18:28:08,2026-07-14 14:10:00,2026-07-14 22:35:48,10.0,8.43
RAKE-20251413,Steel,Port C,Plant A1,Iron Ore,53,2026-06-30 15:28:11,2026-07-02 01:41:31,2026-07-02 23:00:40,2026-07-03 06:30:04,10.0,7.49
RAKE-20251414,Steel,Port D,Plant A3,Limestone,53,2025-11-28 22:51:30,2025-11-30 05:05:06,2025-11-30 22:08:43,2025-12-01 04:57:55,15.0,6.82
RAKE-20251415,Power,Port A,Plant B1,Coal,47,2026-01-12 11:52:08,2026-01-15 22:00:15,2026-01-16 12:50:44,2026-01-16 19:47:44,10.0,6.95
RAKE-20251416,Mining,Port C,Plant C3,Iron Ore,48,2026-08-09 14:57:44,2026-08-12 18:51:50,2026-08-13 15:16:16,2026-08-13 20:54:04,10.0,5.63
RAKE-20251417,Steel,Port C,Plant A2,Limestone,48,2026-04-07 18:05:08,2026-04-09 00:05:54,2026-04-09 17:35:30,2026-04-10 00:36:42,15.0,7.02
RAKE-20251418,Steel,Port D,Plant A2,Coal,54,2026-03-08 11:34:24,2026-03-09 16:32:53,2026-03-10 06:16:20,2026-03-10 15:03:44,10.0,8.79
RAKE-20251419,Power,Port B,Plant B1,Coal,47,2026-06-18 02:18:34,2026-06-19 09:33:23,2026-06-20 07:34:40,2026-06-20 13:07:40,10.0,5.55
RAKE-20251420,Mining,Port B,Plant C1,Iron Ore,54,2025-09-16 16:48:06,2025-09-19 22:43:50,2025-09-20 22:24:37,2025-09-21 04:12:01,10.0,5.79
RAKE-20251421,Steel,Port B,Plant A1,Coal,59,2025-10-26 08:14:46,2025-10-27 15:13:06,2025-10-28 12:56:44,2025-10-28 20:35:44,10.0,7.65
RAKE-20251422,Power,Port C,Plant B1,Coal,45,2026-07-11 14:55:55,2026-07-14 19:01:12,2026-07-15 13:06:15,2026-07-16 04:16:27,10.0,15.17
RAKE-20251423,Steel,Port D,Plant A3,Iron Ore,49,2026-08-09 17:00:20,2026-08-11 01:44:01,2026-08-11 23:01:18,2026-08-12 08:03:42,10.0,9.04
RAKE-20251424,Steel,Port A,Plant A2,Iron Ore,54,2026-04-05 08:01:34,2026-04-08 16:13:57,2026-04-09 09:48:26,2026-04-10 09:00:26,10.0,23.2
RAKE-20251425,Mining,Port B,Plant C2,Bauxite,48,2026-08-17 18:09:35,2026-08-20 01:47:08,2026-08-20 16:06:41,2026-08-21 04:34:53,15.0,12.47
RAKE-20251426,Mining,Port D,Plant C2,Bauxite,51,2025-12-14 09:28:11,2025-12-17 18:58:55,2025-12-18 17:32:59,2025-12-19 06:49:47,15.0,13.28
RAKE-20251427,Steel,Port D,Plant A2,Coal,56,2025-10-18 19:34:09,2025-10-19 22:23:23,2025-10-20 12:07:15,2025-10-20 20:47:27,10.0,8.67
RAKE-20251428,Mining,Port D,Plant C1,Bauxite,57,2026-05-31 09:25:13,2026-06-01 15:10:48,2026-06-02 11:20:00,2026-06-02 20:32:36,15.0,9.21
RAKE-20251429,Power,Port C,Plant B2,Coal,48,2026-05-10 00:38:26,2026-05-13 05:32:29,2026-05-13 18:05:38,2026-05-14 02:06:50,10.0,8.02
RAKE-20251430,Mining,Port B,Plant C3,Iron Ore,56,2026-08-25 00:38:31,2026-08-27 06:12:47,2026-08-27 19:37:34,2026-08-28 10:30:58,10.0,14.89
RAKE-20251431,Power,Port C,Plant B1,Coal,55,2025-10-30 09:50:32,2025-10-31 19:58:33,2025-11-01 18:04:24,2025-11-02 02:01:24,10.0,7.95
RAKE-20251432,Power,Port C,Plant B3,Coal,52,2026-06-22 11:37:03,2026-06-23 17:26:51,2026-06-24 12:49:36,2026-06-24 21:23:48,10.0,8.57
RAKE-20251433,Power,Port A,Plant B1,Coal,45,2026-01-07 07:37:59,2026-01-10 14:52:26,2026-01-11 08:01:22,2026-01-11 16:51:46,10.0,8.84
RAKE-20251434,Power,Port B,Plant B2,Coal,47,2026-04-16 14:03:14,2026-04-17 20:24:56,2026-04-18 18:38:36,2026-04-19 13:54:48,10.0,19.27
RAKE-20251435,Steel,Port C,Plant A2,Iron Ore,48,2026-02-09 22:49:53,2026-02-12 02:38:16,2026-02-12 21:16:27,2026-02-13 06:24:51,10.0,9.14
RAKE-20251436,Steel,Port A,Plant A3,Coal,46,2026-02-13 07:20:27,2026-02-15 10:06:57,2026-02-16 06:10:22,2026-02-16 12:34:58,10.0,6.41
RAKE-20251437,Steel,Port C,Plant A2,Coal,45,2025-10-15 18:19:32,2025-10-18 04:39:42,2025-10-18 19:25:12,2025-10-19 02:00:00,10.0,6.58
RAKE-20251438,Power,Port C,Plant B1,Coal,47,2025-10-12 23:16:26,2025-10-15 10:13:43,2025-10-16 09:39:35,2025-10-17 10:18:35,10.0,24.65
RAKE-20251439,Steel,Port D,Plant A1,Limestone,55,2026-02-03 06:21:48,2026-02-04 12:05:06,2026-02-05 09:32:37,2026-02-06 05:20:01,15.0,19.79
RAKE-20251440,Power,Port A,Plant B1,Coal,56,2026-01-02 20:34:51,2026-01-06 02:46:04,2026-01-06 19:00:54,2026-01-07 00:33:18,10.0,5.54
RAKE-20251441,Mining,Port A,Plant C1,Iron Ore,45,2026-07-30 10:39:24,2026-08-01 13:24:17,2026-08-02 07:22:08,2026-08-03 05:23:56,10.0,22.03
RAKE-20251442,Steel,Port C,Plant A2,Coal,59,2025-11-06 10:11:58,2025-11-08 12:05:50,2025-11-09 03:40:45,2025-11-10 01:43:09,10.0,22.04
RAKE-20251443,Power,Port A,Plant B3,Coal,54,2026-08-10 07:13:04,2026-08-12 08:49:28,2026-08-12 23:08:05,2026-08-13 04:48:53,10.0,5.68
RAKE-20251444,Steel,Port C,Plant A1,Iron Ore,48,2026-06-19 03:58:25,2026-06-20 06:17:01,2026-06-20 20:14:28,2026-06-21 03:25:16,10.0,7.18
RAKE-20251445,Mining,Port C,Plant C2,Iron Ore,56,2026-04-11 03:25:48,2026-04-14 11:18:45,2026-04-15 01:05:36,2026-04-15 07:53:36,10.0,6.8
RAKE-20251446,Steel,Port A,Plant A2,Limestone,50,2026-04-01 06:21:10,2026-04-02 17:17:17,2026-04-03 05:32:24,2026-04-04 11:02:24,15.0,29.5
RAKE-20251447,Power,Port B,Plant B2,Coal,49,2026-03-28 17:24:23,2026-03-30 04:41:23,2026-03-30 20:14:21,2026-03-31 03:19:09,10.0,7.08
RAKE-20251448,Mining,Port B,Plant C3,Bauxite,50,2026-03-06 22:51:27,2026-03-10 10:12:29,2026-03-11 04:56:13,2026-03-12 11:20:13,15.0,30.4
RAKE-20251449,Mining,Port B,Plant C1,Bauxite,47,2025-09-23 12:07:25,2025-09-25 21:25:40,2025-09-26 15:38:01,2025-09-26 23:55:25,15.0,8.29
RAKE-20251450,Power,Port D,Plant B2,Coal,46,2026-04-25 18:37:35,2026-04-28 05:17:45,2026-04-29 01:01:44,2026-04-30 05:08:20,10.0,28.11
RAKE-20251451,Power,Port D,Plant B1,Coal,54,2025-12-20 19:01:27,2025-12-22 06:55:34,2025-12-22 20:32:36,2025-12-23 04:20:36,10.0,7.8
RAKE-20251452,Power,Port C,Plant B2,Coal,48,2026-03-25 21:18:35,2026-03-27 01:51:55,2026-03-28 01:07:25,2026-03-28 09:52:25,10.0,8.75
RAKE-20251453,Mining,Port C,Plant C2,Bauxite,51,2025-09-19 08:07:17,2025-09-21 09:58:35,2025-09-22 01:07:07,2025-09-23 00:41:19,15.0,23.57
RAKE-20251454,Power,Port B,Plant B3,Coal,56,2025-09-24 21:37:09,2025-09-26 03:35:31,2025-09-26 17:28:32,2025-09-27 09:11:08,10.0,15.71
RAKE-20251455,Steel,Port D,Plant A1,Iron Ore,47,2025-10-25 05:24:36,2025-10-26 11:50:35,2025-10-27 01:40:29,2025-10-28 00:10:29,10.0,22.5
RAKE-20251456,Mining,Port C,Plant C1,Bauxite,55,2026-04-04 13:18:34,2026-04-07 20:18:26,2026-04-08 17:02:28,2026-04-08 23:21:04,15.0,6.31
RAKE-20251457,Power,Port C,Plant B3,Coal,51,2026-06-24 08:57:19,2026-06-25 10:00:11,2026-06-26 04:39:57,2026-06-26 22:14:45,10.0,17.58
RAKE-20251458,Power,Port D,Plant B3,Coal,45,2026-03-28 10:27:28,2026-03-30 18:22:55,2026-03-31 12:26:26,2026-03-31 19:18:38,10.0,6.87
RAKE-20251459,Steel,Port A,Plant A1,Iron Ore,48,2025-12-17 06:19:35,2025-12-18 12:33:44,2025-12-19 03:48:01,2025-12-19 10:32:25,10.0,6.74
RAKE-20251460,Power,Port D,Plant B3,Coal,54,2026-02-11 19:52:30,2026-02-14 04:18:16,2026-02-14 23:48:09,2026-02-15 08:03:45,10.0,8.26
RAKE-20251461,Steel,Port A,Plant A1,Coal,53,2026-07-07 23:21:54,2026-07-10 07:38:59,2026-07-11 02:12:54,2026-07-11 07:51:18,10.0,5.64
RAKE-20251462,Power,Port B,Plant B2,Coal,58,2026-05-02 10:43:52,2026-05-05 22:07:39,2026-05-06 19:46:55,2026-05-07 01:31:19,10.0,5.74
RAKE-20251463,Steel,Port B,Plant A3,Iron Ore,49,2025-10-18 21:27:20,2025-10-21 00:45:33,2025-10-21 19:26:47,2025-10-22 14:12:23,10.0,18.76
RAKE-20251464,Power,Port D,Plant B3,Coal,54,2025-11-20 01:57:06,2025-11-21 11:03:35,2025-11-22 08:35:16,2025-11-22 15:04:04,10.0,6.48
RAKE-20251465,Mining,Port D,Plant C3,Bauxite,48,2026-07-11 14:42:04,2026-07-14 17:07:03,2026-07-15 08:18:03,2026-07-15 21:16:51,15.0,12.98
RAKE-20251466,Steel,Port C,Plant A3,Iron Ore,46,2026-02-17 01:16:00,2026-02-19 03:54:52,2026-02-19 20:57:09,2026-02-20 05:09:45,10.0,8.21
RAKE-20251467,Mining,Port C,Plant C3,Bauxite,48,2026-08-20 12:46:48,2026-08-22 00:39:10,2026-08-23 00:27:31,2026-08-23 09:27:31,15.0,9.0
RAKE-20251468,Steel,Port C,Plant A1,Iron Ore,49,2025-09-29 01:49:14,2025-10-02 08:43:12,2025-10-03 07:29:48,2025-10-03 14:05:48,10.0,6.6
RAKE-20251469,Mining,Port D,Plant C2,Iron Ore,49,2025-10-28 21:22:29,2025-10-31 23:53:16,2025-11-01 22:33:39,2025-11-02 18:45:39,10.0,20.2
RAKE-20251470,Power,Port B,Plant B2,Coal,46,2026-07-07 18:22:24,2026-07-10 01:46:55,2026-07-10 21:27:43,2026-07-11 19:31:55,10.0,22.07
RAKE-20251471,Power,Port B,Plant B2,Coal,51,2026-08-25 15:07:01,2026-08-27 22:33:43,2026-08-28 20:01:06,2026-08-29 13:44:18,10.0,17.72
RAKE-20251472,Power,Port A,Plant B3,Coal,59,2025-09-16 03:46:35,2025-09-18 14:37:53,2025-09-19 06:43:48,2025-09-20 04:16:12,10.0,21.54
RAKE-20251473,Mining,Port C,Plant C2,Iron Ore,49,2026-05-19 00:58:58,2026-05-21 03:29:42,2026-05-21 15:42:24,2026-05-21 21:25:00,10.0,5.71
RAKE-20251474,Steel,Port C,Plant A1,Iron Ore,51,2025-10-09 00:16:03,2025-10-12 04:44:28,2025-10-13 02:05:57,2025-10-13 08:22:45,10.0,6.28
RAKE-20251475,Steel,Port B,Plant A2,Iron Ore,57,2026-04-20 15:18:15,2026-04-21 22:33:50,2026-04-22 12:59:50,2026-04-22 18:39:26,10.0,5.66
RAKE-20251476,Power,Port A,Plant B1,Coal,45,2026-02-03 11:03:08,2026-02-04 16:12:09,2026-02-05 12:07:29,2026-02-05 20:23:05,10.0,8.26
RAKE-20251477,Mining,Port D,Plant C2,Bauxite,46,2026-08-23 09:10:26,2026-08-24 10:53:47,2026-08-25 07:57:49,2026-08-25 13:59:37,15.0,6.03
RAKE-20251478,Power,Port A,Plant B3,Coal,49,2025-11-27 01:36:25,2025-11-29 09:33:47,2025-11-30 02:44:05,2025-11-30 10:54:53,10.0,8.18
RAKE-20251479,Power,Port C,Plant B3,Coal,56,2026-02-13 22:24:31,2026-02-16 23:53:45,2026-02-17 15:44:35,2026-02-17 21:45:47,10.0,6.02
RAKE-20251480,Steel,Port D,Plant A1,Iron Ore,56,2026-03-07 15:23:56,2026-03-09 22:42:20,2026-03-10 18:58:07,2026-03-11 01:55:43,10.0,6.96
RAKE-20251481,Mining,Port B,Plant C1,Bauxite,53,2025-10-24 00:07:33,2025-10-25 02:09:19,2025-10-25 18:57:13,2025-10-26 00:40:25,15.0,5.72
RAKE-20251482,Steel,Port A,Plant A3,Limestone,57,2025-11-22 07:47:38,2025-11-24 19:36:40,2025-11-25 07:55:01,2025-11-25 20:23:13,15.0,12.47
RAKE-20251483,Power,Port C,Plant B1,Coal,48,2026-07-15 12:03:23,2026-07-18 19:34:33,2026-07-19 11:52:36,2026-07-19 17:38:48,10.0,5.77
RAKE-20251484,Steel,Port D,Plant A3,Iron Ore,50,2025-12-30 13:17:19,2026-01-02 16:36:59,2026-01-03 06:40:57,2026-01-03 15:26:33,10.0,8.76
RAKE-20251485,Steel,Port B,Plant A3,Iron Ore,55,2025-10-23 09:32:27,2025-10-24 18:27:16,2025-10-25 13:10:24,2025-10-25 21:59:36,10.0,8.82
RAKE-20251486,Steel,Port D,Plant A1,Iron Ore,52,2026-06-12 06:01:15,2026-06-14 08:00:26,2026-06-15 03:43:12,2026-06-16 09:18:36,10.0,29.59
RAKE-20251487,Steel,Port A,Plant A1,Limestone,57,2025-09-23 11:20:34,2025-09-26 16:09:01,2025-09-27 04:39:55,2025-09-27 17:07:31,15.0,12.46
RAKE-20251488,Power,Port B,Plant B3,Coal,54,2026-02-20 00:37:46,2026-02-23 06:04:24,2026-02-24 03:55:24,2026-02-24 10:29:00,10.0,6.56
RAKE-20251489,Steel,Port C,Plant A1,Coal,55,2026-01-13 07:48:10,2026-01-14 18:44:38,2026-01-15 07:43:32,2026-01-16 12:03:20,10.0,28.33
RAKE-20251490,Steel,Port D,Plant A1,Limestone,55,2026-03-11 17:40:26,2026-03-13 23:17:26,2026-03-14 19:08:43,2026-03-15 05:36:19,15.0,10.46
RAKE-20251491,Steel,Port A,Plant A2,Coal,54,2026-02-09 15:18:59,2026-02-11 18:39:52,2026-02-12 17:52:46,2026-02-13 02:20:22,10.0,8.46
RAKE-20251492,Steel,Port D,Plant A1,Coal,53,2026-01-01 06:12:31,2026-01-02 09:50:16,2026-01-03 00:55:18,2026-01-03 16:40:54,10.0,15.76
RAKE-20251493,Steel,Port C,Plant A3,Limestone,50,2026-04-26 04:16:33,2026-04-29 09:16:41,2026-04-30 02:27:46,2026-04-30 08:43:58,15.0,6.27
RAKE-20251494,Steel,Port B,Plant A3,Iron Ore,59,2025-10-11 15:43:09,2025-10-14 20:29:55,2025-10-15 19:40:06,2025-10-17 01:20:18,10.0,29.67
RAKE-20251495,Power,Port A,Plant B1,Coal,57,2025-12-06 04:25:49,2025-12-08 06:04:56,2025-12-08 22:07:56,2025-12-09 16:34:56,10.0,18.45
RAKE-20251496,Power,Port D,Plant B2,Coal,50,2025-10-07 11:09:23,2025-10-08 12:17:25,2025-10-09 07:51:11,2025-10-09 15:55:59,10.0,8.08
RAKE-20251497,Power,Port A,Plant B1,Coal,53,2026-05-30 22:39:53,2026-06-02 08:54:11,2026-06-03 04:40:34,2026-06-03 10:20:10,10.0,5.66
RAKE-20251498,Power,Port B,Plant B2,Coal,54,2026-08-02 11:31:20,2026-08-03 19:48:30,2026-08-04 15:35:39,2026-08-04 22:59:03,10.0,7.39
RAKE-20251499,Steel,Port A,Plant A1,Coal,50,2025-11-14 10:23:57,2025-11-17 19:29:52,2025-11-18 16:17:04,2025-11-19 00:02:40,10.0,7.76
RAKE-20251500,Mining,Port D,Plant C2,Bauxite,49,2025-09-15 18:27:54,2025-09-18 23:21:00,2025-09-19 21:16:25,2025-09-20 09:02:37,15.0,11.77
